metric_id,field,status,evidence
MET-0001,reused-or-discovery,REUSED,E-WCA-EXPANDED-20260824
MET-0002,reused-or-discovery,REUSED,E-WCA-EXPANDED-20260824
MET-0003,reused-or-discovery,REUSED,E-WCA-EXPANDED-20260824
MET-0004,reused-or-discovery,REUSED,E-WCA-EXPANDED-20260824
MET-0005,reused-or-discovery,REUSED,E-WCA-EXPANDED-20260824
MET-0006,reused-or-discovery,REUSED,E-WCA-EXPANDED-20260824
MET-0007,reused-or-discovery,REUSED,E-WCA-EXPANDED-20260824
MET-0008,reused-or-discovery,REUSED,E-WCA-EXPANDED-20260824
MET-0009,reused-or-discovery,REUSED,E-WCA-EXPANDED-20260824
MET-0010,reused-or-discovery,REUSED,E-WCA-EXPANDED-20260824
MET-0011,reused-or-discovery,REUSED,E-WCA-EXPANDED-20260824
MET-0012,reused-or-discovery,REUSED,E-WCA-EXPANDED-20260824
MET-0013,reused-or-discovery,REUSED,E-WCA-EXPANDED-20260824
MET-0014,reused-or-discovery,REUSED,E-WCA-EXPANDED-20260824
MET-0015,reused-or-discovery,REUSED,E-WCA-EXPANDED-20260824
MET-0016,reused-or-discovery,REUSED,E-WCA-EXPANDED-20260824
MET-0017,reused-or-discovery,REUSED,E-WCA-EXPANDED-20260824
MET-0018,reused-or-discovery,REUSED,E-WCA-EXPANDED-20260824
MET-0019,reused-or-discovery,REUSED,E-WCA-EXPANDED-20260824
MET-0020,reused-or-discovery,REUSED,E-WCA-EXPANDED-20260824
MET-0021,reused-or-discovery,REUSED,E-WCA-EXPANDED-20260824
MET-0022,reused-or-discovery,REUSED,E-WCA-EXPANDED-20260824
MET-0023,reused-or-discovery,REUSED,E-WCA-EXPANDED-20260824
MET-0024,reused-or-discovery,REUSED,E-WCA-EXPANDED-20260824
MET-0025,reused-or-discovery,REUSED,E-WCA-EXPANDED-20260824
MET-0026,reused-or-discovery,REUSED,E-WCA-EXPANDED-20260824
MET-0027,reused-or-discovery,REUSED,E-WCA-EXPANDED-20260824
MET-0028,reused-or-discovery,REUSED,E-WCA-EXPANDED-20260824
MET-0029,reused-or-discovery,REUSED,E-WCA-EXPANDED-20260824
MET-0030,reused-or-discovery,REUSED,E-WCA-EXPANDED-20260824
MET-0031,reused-or-discovery,REUSED,E-WCA-EXPANDED-20260824
MET-0032,reused-or-discovery,REUSED,E-WCA-EXPANDED-20260824
MET-0033,reused-or-discovery,REUSED,E-WCA-EXPANDED-20260824
MET-0034,reused-or-discovery,REUSED,E-WCA-EXPANDED-20260824
MET-0035,reused-or-discovery,REUSED,E-WCA-EXPANDED-20260824
MET-0036,reused-or-discovery,REUSED,E-WCA-EXPANDED-20260824
MET-0037,reused-or-discovery,REUSED,E-WCA-EXPANDED-20260824
MET-0038,reused-or-discovery,REUSED,E-WCA-EXPANDED-20260824
MET-0039,reused-or-discovery,REUSED,E-WCA-EXPANDED-20260824
MET-0040,reused-or-discovery,REUSED,E-WCA-EXPANDED-20260824
MET-0041,reused-or-discovery,REUSED,E-WCA-EXPANDED-20260824
MET-0042,reused-or-discovery,REUSED,E-WCA-EXPANDED-20260824
MET-0043,reused-or-discovery,REUSED,E-WCA-EXPANDED-20260824
MET-0044,reused-or-discovery,REUSED,E-WCA-EXPANDED-20260824
MET-0045,reused-or-discovery,REUSED,E-WCA-EXPANDED-20260824
MET-0046,reused-or-discovery,REUSED,E-WCA-EXPANDED-20260824
MET-0047,reused-or-discovery,REUSED,E-WCA-EXPANDED-20260824
MET-0048,reused-or-discovery,REUSED,E-WCA-EXPANDED-20260824
MET-0049,reused-or-discovery,REUSED,E-WCA-EXPANDED-20260824
MET-0050,reused-or-discovery,REUSED,E-WCA-EXPANDED-20260824
MET-0051,reused-or-discovery,REUSED,E-WCA-EXPANDED-20260824
MET-0052,reused-or-discovery,REUSED,E-WCA-EXPANDED-20260824
MET-0053,reused-or-discovery,REUSED,E-WCA-EXPANDED-20260824
MET-0054,reused-or-discovery,REUSED,E-WCA-EXPANDED-20260824
MET-0055,reused-or-discovery,REUSED,E-WCA-EXPANDED-20260824
MET-0056,reused-or-discovery,REUSED,E-WCA-EXPANDED-20260824
MET-0057,reused-or-discovery,REUSED,E-WCA-EXPANDED-20260824
MET-0058,reused-or-discovery,REUSED,E-WCA-EXPANDED-20260824
MET-0059,reused-or-discovery,REUSED,E-WCA-EXPANDED-20260824
MET-0060,reused-or-discovery,REUSED,E-WCA-EXPANDED-20260824
MET-0061,reused-or-discovery,REUSED,E-WCA-EXPANDED-20260824
MET-0062,reused-or-discovery,REUSED,E-WCA-EXPANDED-20260824
MET-0063,reused-or-discovery,REUSED,E-WCA-EXPANDED-20260824
MET-0064,reused-or-discovery,REUSED,E-WCA-EXPANDED-20260824
MET-0065,reused-or-discovery,REUSED,E-WCA-EXPANDED-20260824
MET-0066,reused-or-discovery,REUSED,E-WCA-EXPANDED-20260824
MET-0067,reused-or-discovery,REUSED,E-WCA-EXPANDED-20260824
MET-0068,reused-or-discovery,REUSED,E-WCA-EXPANDED-20260824
MET-0069,reused-or-discovery,REUSED,E-WCA-EXPANDED-20260824
MET-0070,reused-or-discovery,REUSED,E-WCA-EXPANDED-20260824
MET-0071,reused-or-discovery,REUSED,E-WCA-EXPANDED-20260824
MET-0072,reused-or-discovery,REUSED,E-WCA-EXPANDED-20260824
MET-0073,reused-or-discovery,REUSED,E-WCA-EXPANDED-20260824
MET-0074,reused-or-discovery,REUSED,E-WCA-EXPANDED-20260824
MET-0075,reused-or-discovery,REUSED,E-WCA-EXPANDED-20260824
MET-0076,reused-or-discovery,REUSED,E-WCA-EXPANDED-20260824
MET-0077,reused-or-discovery,REUSED,E-WCA-EXPANDED-20260824
MET-0078,reused-or-discovery,REUSED,E-WCA-EXPANDED-20260824
MET-0079,reused-or-discovery,REUSED,E-WCA-EXPANDED-20260824
MET-0080,reused-or-discovery,REUSED,E-WCA-EXPANDED-20260824
MET-0081,reused-or-discovery,REUSED,E-WCA-EXPANDED-20260824
MET-0082,reused-or-discovery,REUSED,E-WCA-EXPANDED-20260824
MET-0083,reused-or-discovery,REUSED,E-WCA-EXPANDED-20260824
MET-0084,reused-or-discovery,REUSED,E-WCA-EXPANDED-20260824
MET-0085,reused-or-discovery,REUSED,E-WCA-EXPANDED-20260824
MET-0086,reused-or-discovery,REUSED,E-WCA-EXPANDED-20260824
MET-0087,reused-or-discovery,REUSED,E-WCA-EXPANDED-20260824
MET-0088,reused-or-discovery,REUSED,E-WCA-EXPANDED-20260824
MET-0089,reused-or-discovery,REUSED,E-WCA-EXPANDED-20260824
MET-0090,reused-or-discovery,REUSED,E-WCA-EXPANDED-20260824
MET-0091,reused-or-discovery,REUSED,E-WCA-EXPANDED-20260824
MET-0092,reused-or-discovery,REUSED,E-WCA-EXPANDED-20260824
MET-0093,reused-or-discovery,REUSED,E-WCA-EXPANDED-20260824
MET-0094,reused-or-discovery,REUSED,E-WCA-EXPANDED-20260824
MET-0095,reused-or-discovery,REUSED,E-WCA-EXPANDED-20260824
MET-0096,reused-or-discovery,REUSED,E-WCA-EXPANDED-20260824
MET-0097,reused-or-discovery,REUSED,E-WCA-EXPANDED-20260824
MET-0098,reused-or-discovery,REUSED,E-WCA-EXPANDED-20260824
MET-0099,reused-or-discovery,REUSED,E-WCA-EXPANDED-20260824
MET-0100,reused-or-discovery,REUSED,E-WCA-EXPANDED-20260824
MET-0101,reused-or-discovery,REUSED,E-WCA-EXPANDED-20260824
MET-0102,reused-or-discovery,REUSED,E-WCA-EXPANDED-20260824
MET-0103,reused-or-discovery,REUSED,E-WCA-EXPANDED-20260824
MET-0104,reused-or-discovery,REUSED,E-WCA-EXPANDED-20260824
MET-0105,reused-or-discovery,REUSED,E-WCA-EXPANDED-20260824
MET-0106,reused-or-discovery,REUSED,E-WCA-EXPANDED-20260824
MET-0107,reused-or-discovery,REUSED,E-WCA-EXPANDED-20260824
MET-0108,reused-or-discovery,REUSED,E-WCA-EXPANDED-20260824
MET-0109,reused-or-discovery,REUSED,E-WCA-EXPANDED-20260824
MET-0110,reused-or-discovery,REUSED,E-WCA-EXPANDED-20260824
MET-0111,reused-or-discovery,REUSED,E-WCA-EXPANDED-20260824
MET-0112,reused-or-discovery,REUSED,E-WCA-EXPANDED-20260824
MET-0113,reused-or-discovery,REUSED,E-WCA-EXPANDED-20260824
MET-0114,reused-or-discovery,REUSED,E-WCA-EXPANDED-20260824
MET-0115,reused-or-discovery,REUSED,E-WCA-EXPANDED-20260824
MET-0116,reused-or-discovery,REUSED,E-WCA-EXPANDED-20260824
MET-0117,reused-or-discovery,REUSED,E-WCA-EXPANDED-20260824
MET-0118,reused-or-discovery,REUSED,E-WCA-EXPANDED-20260824
MET-0119,reused-or-discovery,REUSED,E-WCA-EXPANDED-20260824
MET-0120,reused-or-discovery,REUSED,E-WCA-EXPANDED-20260824
MET-0121,reused-or-discovery,REUSED,E-WCA-EXPANDED-20260824
MET-0122,reused-or-discovery,REUSED,E-WCA-EXPANDED-20260824
MET-0123,reused-or-discovery,REUSED,E-WCA-EXPANDED-20260824
MET-0124,reused-or-discovery,REUSED,E-WCA-EXPANDED-20260824
MET-0125,reused-or-discovery,REUSED,E-WCA-EXPANDED-20260824
MET-0126,reused-or-discovery,REUSED,E-WCA-EXPANDED-20260824
MET-0127,reused-or-discovery,REUSED,E-WCA-EXPANDED-20260824
MET-0128,reused-or-discovery,REUSED,E-WCA-EXPANDED-20260824
MET-0129,reused-or-discovery,REUSED,E-WCA-EXPANDED-20260824
MET-0130,reused-or-discovery,REUSED,E-WCA-EXPANDED-20260824
MET-0131,reused-or-discovery,REUSED,E-WCA-EXPANDED-20260824
MET-0132,reused-or-discovery,REUSED,E-WCA-EXPANDED-20260824
MET-0133,reused-or-discovery,REUSED,E-WCA-EXPANDED-20260824
MET-0134,reused-or-discovery,REUSED,E-WCA-EXPANDED-20260824
MET-0135,reused-or-discovery,REUSED,E-WCA-EXPANDED-20260824
MET-0136,reused-or-discovery,REUSED,E-WCA-EXPANDED-20260824
MET-0137,reused-or-discovery,REUSED,E-WCA-EXPANDED-20260824
MET-0138,reused-or-discovery,REUSED,E-WCA-EXPANDED-20260824
MET-0139,reused-or-discovery,REUSED,E-WCA-EXPANDED-20260824
MET-0140,reused-or-discovery,REUSED,E-WCA-EXPANDED-20260824
MET-0141,reused-or-discovery,REUSED,E-WCA-EXPANDED-20260824
MET-0142,reused-or-discovery,REUSED,E-WCA-EXPANDED-20260824
MET-0143,reused-or-discovery,REUSED,E-WCA-EXPANDED-20260824
MET-0144,reused-or-discovery,REUSED,E-WCA-EXPANDED-20260824
MET-0145,reused-or-discovery,REUSED,E-WCA-EXPANDED-20260824
MET-0146,reused-or-discovery,REUSED,E-WCA-EXPANDED-20260824
MET-0147,reused-or-discovery,REUSED,E-WCA-EXPANDED-20260824
MET-0148,reused-or-discovery,REUSED,E-WCA-EXPANDED-20260824
MET-0149,reused-or-discovery,REUSED,E-WCA-EXPANDED-20260824
MET-0150,reused-or-discovery,REUSED,E-WCA-EXPANDED-20260824
MET-0151,reused-or-discovery,REUSED,E-WCA-EXPANDED-20260824
MET-0152,reused-or-discovery,REUSED,E-WCA-EXPANDED-20260824
MET-0153,reused-or-discovery,REUSED,E-WCA-EXPANDED-20260824
MET-0154,reused-or-discovery,REUSED,E-WCA-EXPANDED-20260824
MET-0155,reused-or-discovery,REUSED,E-WCA-EXPANDED-20260824
MET-0156,reused-or-discovery,REUSED,E-WCA-EXPANDED-20260824
MET-0157,reused-or-discovery,REUSED,E-WCA-EXPANDED-20260824
MET-0158,reused-or-discovery,REUSED,E-WCA-EXPANDED-20260824
MET-0159,reused-or-discovery,REUSED,E-WCA-EXPANDED-20260824
MET-0160,reused-or-discovery,REUSED,E-WCA-EXPANDED-20260824
MET-0161,reused-or-discovery,REUSED,E-WCA-EXPANDED-20260824
MET-0162,reused-or-discovery,REUSED,E-WCA-EXPANDED-20260824
MET-0163,reused-or-discovery,REUSED,E-WCA-EXPANDED-20260824
MET-0164,reused-or-discovery,REUSED,E-WCA-EXPANDED-20260824
MET-0165,reused-or-discovery,REUSED,E-WCA-EXPANDED-20260824
MET-0166,reused-or-discovery,REUSED,E-WCA-EXPANDED-20260824
MET-0167,reused-or-discovery,REUSED,E-WCA-EXPANDED-20260824
MET-0168,reused-or-discovery,REUSED,E-WCA-EXPANDED-20260824
MET-0169,reused-or-discovery,REUSED,E-WCA-EXPANDED-20260824
MET-0170,reused-or-discovery,REUSED,E-WCA-EXPANDED-20260824
MET-0171,reused-or-discovery,REUSED,E-WCA-EXPANDED-20260824
MET-0172,reused-or-discovery,REUSED,E-WCA-EXPANDED-20260824
MET-0173,reused-or-discovery,REUSED,E-WCA-EXPANDED-20260824
MET-0174,reused-or-discovery,REUSED,E-WCA-EXPANDED-20260824
MET-0175,reused-or-discovery,REUSED,E-WCA-EXPANDED-20260824
MET-0176,reused-or-discovery,REUSED,E-WCA-EXPANDED-20260824
MET-0177,reused-or-discovery,REUSED,E-WCA-EXPANDED-20260824
MET-0178,reused-or-discovery,REUSED,E-WCA-EXPANDED-20260824
MET-0179,reused-or-discovery,REUSED,E-WCA-EXPANDED-20260824
MET-0180,reused-or-discovery,REUSED,E-WCA-EXPANDED-20260824
MET-0181,reused-or-discovery,REUSED,E-WCA-EXPANDED-20260824
MET-0182,reused-or-discovery,REUSED,E-WCA-EXPANDED-20260824
MET-0183,reused-or-discovery,REUSED,E-WCA-EXPANDED-20260824
MET-0184,reused-or-discovery,REUSED,E-WCA-EXPANDED-20260824
MET-0185,reused-or-discovery,REUSED,E-WCA-EXPANDED-20260824
MET-0186,reused-or-discovery,REUSED,E-WCA-EXPANDED-20260824
MET-0187,reused-or-discovery,REUSED,E-WCA-EXPANDED-20260824
MET-0188,reused-or-discovery,REUSED,E-WCA-EXPANDED-20260824
MET-0189,reused-or-discovery,REUSED,E-WCA-EXPANDED-20260824
MET-0190,reused-or-discovery,REUSED,E-WCA-EXPANDED-20260824
MET-0191,reused-or-discovery,REUSED,E-WCA-EXPANDED-20260824
MET-0192,reused-or-discovery,REUSED,E-WCA-EXPANDED-20260824
MET-0193,reused-or-discovery,REUSED,E-WCA-EXPANDED-20260824
MET-0194,reused-or-discovery,REUSED,E-WCA-EXPANDED-20260824
MET-0195,reused-or-discovery,REUSED,E-WCA-EXPANDED-20260824
MET-0196,reused-or-discovery,REUSED,E-WCA-EXPANDED-20260824
MET-0197,reused-or-discovery,REUSED,E-WCA-EXPANDED-20260824
MET-0198,reused-or-discovery,REUSED,E-WCA-EXPANDED-20260824
MET-0199,reused-or-discovery,REUSED,E-WCA-EXPANDED-20260824
MET-0200,reused-or-discovery,REUSED,E-WCA-EXPANDED-20260824
MET-0201,reused-or-discovery,REUSED,E-WCA-EXPANDED-20260824
MET-0202,reused-or-discovery,REUSED,E-WCA-EXPANDED-20260824
MET-0203,reused-or-discovery,REUSED,E-WCA-EXPANDED-20260824
MET-0204,reused-or-discovery,REUSED,E-WCA-EXPANDED-20260824
MET-0205,reused-or-discovery,REUSED,E-WCA-EXPANDED-20260824
MET-0206,reused-or-discovery,REUSED,E-WCA-EXPANDED-20260824
MET-0207,reused-or-discovery,REUSED,E-WCA-EXPANDED-20260824
MET-0208,reused-or-discovery,REUSED,E-WCA-EXPANDED-20260824
MET-0209,reused-or-discovery,REUSED,E-WCA-EXPANDED-20260824
MET-0210,reused-or-discovery,REUSED,E-WCA-EXPANDED-20260824
MET-0211,reused-or-discovery,REUSED,E-WCA-EXPANDED-20260824
MET-0212,reused-or-discovery,REUSED,E-WCA-EXPANDED-20260824
MET-0213,reused-or-discovery,REUSED,E-WCA-EXPANDED-20260824
MET-0214,reused-or-discovery,REUSED,E-WCA-EXPANDED-20260824
MET-0215,reused-or-discovery,REUSED,E-WCA-EXPANDED-20260824
MET-0216,reused-or-discovery,REUSED,E-WCA-EXPANDED-20260824
MET-0217,reused-or-discovery,REUSED,E-WCA-EXPANDED-20260824
MET-0218,reused-or-discovery,REUSED,E-WCA-EXPANDED-20260824
MET-0219,reused-or-discovery,REUSED,E-WCA-EXPANDED-20260824
MET-0220,reused-or-discovery,REUSED,E-WCA-EXPANDED-20260824
MET-0221,reused-or-discovery,REUSED,E-WCA-EXPANDED-20260824
MET-0222,reused-or-discovery,REUSED,E-WCA-EXPANDED-20260824
MET-0223,reused-or-discovery,REUSED,E-WCA-EXPANDED-20260824
MET-0224,reused-or-discovery,REUSED,E-WCA-EXPANDED-20260824
MET-0225,reused-or-discovery,REUSED,E-WCA-EXPANDED-20260824
MET-0226,reused-or-discovery,REUSED,E-WCA-EXPANDED-20260824
MET-0227,reused-or-discovery,REUSED,E-WCA-EXPANDED-20260824
MET-0228,reused-or-discovery,REUSED,E-WCA-EXPANDED-20260824
MET-0229,reused-or-discovery,REUSED,E-WCA-EXPANDED-20260824
MET-0230,reused-or-discovery,REUSED,E-WCA-EXPANDED-20260824
MET-0231,reused-or-discovery,REUSED,E-WCA-EXPANDED-20260824
MET-0232,reused-or-discovery,REUSED,E-WCA-EXPANDED-20260824
MET-0233,reused-or-discovery,REUSED,E-WCA-EXPANDED-20260824
MET-0234,reused-or-discovery,REUSED,E-WCA-EXPANDED-20260824
MET-0235,reused-or-discovery,REUSED,E-WCA-EXPANDED-20260824
MET-0236,reused-or-discovery,REUSED,E-WCA-EXPANDED-20260824
MET-0237,reused-or-discovery,REUSED,E-WCA-EXPANDED-20260824
MET-0238,reused-or-discovery,REUSED,E-WCA-EXPANDED-20260824
MET-0239,reused-or-discovery,REUSED,E-WCA-EXPANDED-20260824
MET-0240,reused-or-discovery,REUSED,E-WCA-EXPANDED-20260824
MET-0241,reused-or-discovery,REUSED,E-WCA-EXPANDED-20260824
MET-0242,reused-or-discovery,REUSED,E-WCA-EXPANDED-20260824
MET-0243,reused-or-discovery,REUSED,E-WCA-EXPANDED-20260824
MET-0244,reused-or-discovery,REUSED,E-WCA-EXPANDED-20260824
MET-0245,reused-or-discovery,REUSED,E-WCA-EXPANDED-20260824
MET-0246,reused-or-discovery,REUSED,E-WCA-EXPANDED-20260824
MET-0247,reused-or-discovery,REUSED,E-WCA-EXPANDED-20260824
MET-0248,reused-or-discovery,REUSED,E-WCA-EXPANDED-20260824
MET-0249,reused-or-discovery,REUSED,E-WCA-EXPANDED-20260824
MET-0250,reused-or-discovery,REUSED,E-WCA-EXPANDED-20260824
MET-0251,reused-or-discovery,REUSED,E-WCA-EXPANDED-20260824
MET-0252,reused-or-discovery,REUSED,E-WCA-EXPANDED-20260824
MET-0253,reused-or-discovery,REUSED,E-WCA-EXPANDED-20260824
MET-0254,reused-or-discovery,REUSED,E-WCA-EXPANDED-20260824
MET-0255,reused-or-discovery,REUSED,E-WCA-EXPANDED-20260824
MET-0256,reused-or-discovery,REUSED,E-WCA-EXPANDED-20260824
MET-0257,reused-or-discovery,REUSED,E-WCA-EXPANDED-20260824
MET-0258,reused-or-discovery,REUSED,E-WCA-EXPANDED-20260824
MET-0259,reused-or-discovery,REUSED,E-WCA-EXPANDED-20260824
MET-0260,reused-or-discovery,REUSED,E-WCA-EXPANDED-20260824
MET-0261,reused-or-discovery,REUSED,E-WCA-EXPANDED-20260824
MET-0262,reused-or-discovery,REUSED,E-WCA-EXPANDED-20260824
MET-0263,reused-or-discovery,REUSED,E-WCA-EXPANDED-20260824
MET-0264,reused-or-discovery,REUSED,E-WCA-EXPANDED-20260824
MET-0265,reused-or-discovery,REUSED,E-WCA-EXPANDED-20260824
MET-0266,reused-or-discovery,REUSED,E-WCA-EXPANDED-20260824
MET-0267,reused-or-discovery,REUSED,E-WCA-EXPANDED-20260824
MET-0268,reused-or-discovery,REUSED,E-WCA-EXPANDED-20260824
MET-0269,reused-or-discovery,REUSED,E-WCA-EXPANDED-20260824
MET-0270,reused-or-discovery,REUSED,E-WCA-EXPANDED-20260824
MET-0271,reused-or-discovery,REUSED,E-WCA-EXPANDED-20260824
MET-0272,reused-or-discovery,REUSED,E-WCA-EXPANDED-20260824
MET-0273,reused-or-discovery,REUSED,E-WCA-EXPANDED-20260824
MET-0274,reused-or-discovery,REUSED,E-WCA-EXPANDED-20260824
MET-0275,reused-or-discovery,REUSED,E-WCA-EXPANDED-20260824
MET-0276,reused-or-discovery,REUSED,E-WCA-EXPANDED-20260824
MET-0277,reused-or-discovery,REUSED,E-WCA-EXPANDED-20260824
MET-0278,reused-or-discovery,REUSED,E-WCA-EXPANDED-20260824
MET-0279,reused-or-discovery,REUSED,E-WCA-EXPANDED-20260824
MET-0280,reused-or-discovery,REUSED,E-WCA-EXPANDED-20260824
MET-0281,reused-or-discovery,REUSED,E-WCA-EXPANDED-20260824
MET-0282,reused-or-discovery,REUSED,E-WCA-EXPANDED-20260824
MET-0283,reused-or-discovery,REUSED,E-WCA-EXPANDED-20260824
MET-0284,reused-or-discovery,REUSED,E-WCA-EXPANDED-20260824
MET-0285,reused-or-discovery,REUSED,E-WCA-EXPANDED-20260824
MET-0286,reused-or-discovery,REUSED,E-WCA-EXPANDED-20260824
MET-0287,reused-or-discovery,REUSED,E-WCA-EXPANDED-20260824
MET-0288,reused-or-discovery,REUSED,E-WCA-EXPANDED-20260824
MET-0289,reused-or-discovery,REUSED,E-WCA-EXPANDED-20260824
MET-0290,reused-or-discovery,REUSED,E-WCA-EXPANDED-20260824
MET-0291,reused-or-discovery,REUSED,E-WCA-EXPANDED-20260824
MET-0292,reused-or-discovery,REUSED,E-WCA-EXPANDED-20260824
MET-0293,reused-or-discovery,REUSED,E-WCA-EXPANDED-20260824
MET-0294,reused-or-discovery,REUSED,E-WCA-EXPANDED-20260824
MET-0295,reused-or-discovery,REUSED,E-WCA-EXPANDED-20260824
MET-0296,reused-or-discovery,REUSED,E-WCA-EXPANDED-20260824
MET-0297,reused-or-discovery,REUSED,E-WCA-EXPANDED-20260824
MET-0298,reused-or-discovery,REUSED,E-WCA-EXPANDED-20260824
MET-0299,reused-or-discovery,REUSED,E-WCA-EXPANDED-20260824
MET-0300,reused-or-discovery,REUSED,E-WCA-EXPANDED-20260824
MET-0301,reused-or-discovery,REUSED,E-WCA-EXPANDED-20260824
MET-0302,reused-or-discovery,REUSED,E-WCA-EXPANDED-20260824
MET-0303,reused-or-discovery,REUSED,E-WCA-EXPANDED-20260824
MET-0304,reused-or-discovery,REUSED,E-WCA-EXPANDED-20260824
MET-0305,reused-or-discovery,REUSED,E-WCA-EXPANDED-20260824
MET-0306,reused-or-discovery,REUSED,E-WCA-EXPANDED-20260824
MET-0307,reused-or-discovery,REUSED,E-WCA-EXPANDED-20260824
MET-0308,reused-or-discovery,REUSED,E-WCA-EXPANDED-20260824
MET-0309,reused-or-discovery,REUSED,E-WCA-EXPANDED-20260824
MET-0310,reused-or-discovery,REUSED,E-WCA-EXPANDED-20260824
MET-0311,reused-or-discovery,REUSED,E-WCA-EXPANDED-20260824
MET-0312,reused-or-discovery,REUSED,E-WCA-EXPANDED-20260824
MET-0313,reused-or-discovery,REUSED,E-WCA-EXPANDED-20260824
MET-0314,reused-or-discovery,REUSED,E-WCA-EXPANDED-20260824
MET-0315,reused-or-discovery,REUSED,E-WCA-EXPANDED-20260824
MET-0316,reused-or-discovery,REUSED,E-WCA-EXPANDED-20260824
MET-0317,reused-or-discovery,REUSED,E-WCA-EXPANDED-20260824
MET-0318,reused-or-discovery,REUSED,E-WCA-EXPANDED-20260824
MET-0319,reused-or-discovery,REUSED,E-WCA-EXPANDED-20260824
MET-0320,reused-or-discovery,REUSED,E-WCA-EXPANDED-20260824
MET-0321,reused-or-discovery,REUSED,E-WCA-EXPANDED-20260824
MET-0322,reused-or-discovery,REUSED,E-WCA-EXPANDED-20260824
MET-0323,reused-or-discovery,REUSED,E-WCA-EXPANDED-20260824
MET-0324,reused-or-discovery,REUSED,E-WCA-EXPANDED-20260824
MET-0325,reused-or-discovery,REUSED,E-WCA-EXPANDED-20260824
MET-0326,reused-or-discovery,REUSED,E-WCA-EXPANDED-20260824
MET-0327,reused-or-discovery,REUSED,E-WCA-EXPANDED-20260824
MET-0328,reused-or-discovery,REUSED,E-WCA-EXPANDED-20260824
MET-0329,reused-or-discovery,REUSED,E-WCA-EXPANDED-20260824
MET-0330,reused-or-discovery,REUSED,E-WCA-EXPANDED-20260824
MET-0331,reused-or-discovery,REUSED,E-WCA-EXPANDED-20260824
MET-0332,reused-or-discovery,REUSED,E-WCA-EXPANDED-20260824
MET-0333,reused-or-discovery,REUSED,E-WCA-EXPANDED-20260824
MET-0334,reused-or-discovery,REUSED,E-WCA-EXPANDED-20260824
MET-0335,reused-or-discovery,REUSED,E-WCA-EXPANDED-20260824
MET-0336,reused-or-discovery,REUSED,E-WCA-EXPANDED-20260824
MET-0337,reused-or-discovery,REUSED,E-WCA-EXPANDED-20260824
MET-0338,reused-or-discovery,REUSED,E-WCA-EXPANDED-20260824
MET-0339,reused-or-discovery,REUSED,E-WCA-EXPANDED-20260824
MET-0340,reused-or-discovery,REUSED,E-WCA-EXPANDED-20260824
MET-0341,reused-or-discovery,REUSED,E-WCA-EXPANDED-20260824
MET-0342,reused-or-discovery,REUSED,E-WCA-EXPANDED-20260824
MET-0343,reused-or-discovery,REUSED,E-WCA-EXPANDED-20260824
MET-0344,reused-or-discovery,REUSED,E-WCA-EXPANDED-20260824
MET-0345,reused-or-discovery,REUSED,E-WCA-EXPANDED-20260824
MET-0346,reused-or-discovery,REUSED,E-WCA-EXPANDED-20260824
MET-0347,reused-or-discovery,REUSED,E-WCA-EXPANDED-20260824
MET-0348,reused-or-discovery,REUSED,E-WCA-EXPANDED-20260824
MET-0349,reused-or-discovery,REUSED,E-WCA-EXPANDED-20260824
MET-0350,reused-or-discovery,REUSED,E-WCA-EXPANDED-20260824
MET-0351,reused-or-discovery,REUSED,E-WCA-EXPANDED-20260824
MET-0352,reused-or-discovery,REUSED,E-WCA-EXPANDED-20260824
MET-0353,reused-or-discovery,REUSED,E-WCA-EXPANDED-20260824
MET-0354,reused-or-discovery,REUSED,E-WCA-EXPANDED-20260824
MET-0355,reused-or-discovery,REUSED,E-WCA-EXPANDED-20260824
MET-0356,reused-or-discovery,REUSED,E-WCA-EXPANDED-20260824
MET-0357,reused-or-discovery,REUSED,E-WCA-EXPANDED-20260824
MET-0358,reused-or-discovery,REUSED,E-WCA-EXPANDED-20260824
MET-0359,reused-or-discovery,REUSED,E-WCA-EXPANDED-20260824
MET-0360,reused-or-discovery,REUSED,E-WCA-EXPANDED-20260824
MET-0361,reused-or-discovery,REUSED,E-WCA-EXPANDED-20260824
MET-0362,reused-or-discovery,REUSED,E-WCA-EXPANDED-20260824
MET-0363,reused-or-discovery,REUSED,E-WCA-EXPANDED-20260824
MET-0364,reused-or-discovery,REUSED,E-WCA-EXPANDED-20260824
MET-0365,reused-or-discovery,REUSED,E-WCA-EXPANDED-20260824
MET-0366,reused-or-discovery,REUSED,E-WCA-EXPANDED-20260824
MET-0367,reused-or-discovery,REUSED,E-WCA-EXPANDED-20260824
MET-0368,reused-or-discovery,REUSED,E-WCA-EXPANDED-20260824
MET-0369,reused-or-discovery,REUSED,E-WCA-EXPANDED-20260824
MET-0370,reused-or-discovery,REUSED,E-WCA-EXPANDED-20260824
MET-0371,reused-or-discovery,REUSED,E-WCA-EXPANDED-20260824
MET-0372,reused-or-discovery,REUSED,E-WCA-EXPANDED-20260824
MET-0373,reused-or-discovery,REUSED,E-WCA-EXPANDED-20260824
MET-0374,reused-or-discovery,REUSED,E-WCA-EXPANDED-20260824
MET-0375,reused-or-discovery,REUSED,E-WCA-EXPANDED-20260824
MET-0376,reused-or-discovery,REUSED,E-WCA-EXPANDED-20260824
MET-0377,reused-or-discovery,REUSED,E-WCA-EXPANDED-20260824
MET-0378,reused-or-discovery,REUSED,E-WCA-EXPANDED-20260824
MET-0379,reused-or-discovery,REUSED,E-WCA-EXPANDED-20260824
MET-0380,reused-or-discovery,REUSED,E-WCA-EXPANDED-20260824
MET-0381,reused-or-discovery,REUSED,E-WCA-EXPANDED-20260824
MET-0382,reused-or-discovery,REUSED,E-WCA-EXPANDED-20260824
MET-0383,reused-or-discovery,REUSED,E-WCA-EXPANDED-20260824
MET-0384,reused-or-discovery,REUSED,E-WCA-EXPANDED-20260824
MET-0385,reused-or-discovery,REUSED,E-WCA-EXPANDED-20260824
MET-0386,reused-or-discovery,REUSED,E-WCA-EXPANDED-20260824
MET-0387,reused-or-discovery,REUSED,E-WCA-EXPANDED-20260824
MET-0388,reused-or-discovery,REUSED,E-WCA-EXPANDED-20260824
MET-0389,reused-or-discovery,REUSED,E-WCA-EXPANDED-20260824
MET-0390,reused-or-discovery,REUSED,E-WCA-EXPANDED-20260824
MET-0391,reused-or-discovery,REUSED,E-WCA-EXPANDED-20260824
MET-0392,reused-or-discovery,REUSED,E-WCA-EXPANDED-20260824
MET-0393,reused-or-discovery,REUSED,E-WCA-EXPANDED-20260824
MET-0394,reused-or-discovery,REUSED,E-WCA-EXPANDED-20260824
MET-0395,reused-or-discovery,REUSED,E-WCA-EXPANDED-20260824
MET-0396,reused-or-discovery,REUSED,E-WCA-EXPANDED-20260824
MET-0397,reused-or-discovery,REUSED,E-WCA-EXPANDED-20260824
MET-0398,reused-or-discovery,REUSED,E-WCA-EXPANDED-20260824
MET-0399,reused-or-discovery,REUSED,E-WCA-EXPANDED-20260824
MET-0400,reused-or-discovery,REUSED,E-WCA-EXPANDED-20260824
MET-0401,reused-or-discovery,REUSED,E-WCA-EXPANDED-20260824
MET-0402,reused-or-discovery,REUSED,E-WCA-EXPANDED-20260824
MET-0403,reused-or-discovery,REUSED,E-WCA-EXPANDED-20260824
MET-0404,reused-or-discovery,REUSED,E-WCA-EXPANDED-20260824
MET-0405,reused-or-discovery,REUSED,E-WCA-EXPANDED-20260824
MET-0406,reused-or-discovery,REUSED,E-WCA-EXPANDED-20260824
MET-0407,reused-or-discovery,REUSED,E-WCA-EXPANDED-20260824
MET-0408,reused-or-discovery,REUSED,E-WCA-EXPANDED-20260824
MET-0409,reused-or-discovery,REUSED,E-WCA-EXPANDED-20260824
MET-0410,reused-or-discovery,REUSED,E-WCA-EXPANDED-20260824
MET-0411,reused-or-discovery,REUSED,E-WCA-EXPANDED-20260824
MET-0412,reused-or-discovery,REUSED,E-WCA-EXPANDED-20260824
MET-0413,reused-or-discovery,REUSED,E-WCA-EXPANDED-20260824
MET-0414,reused-or-discovery,REUSED,E-WCA-EXPANDED-20260824
MET-0415,reused-or-discovery,REUSED,E-WCA-EXPANDED-20260824
MET-0416,reused-or-discovery,REUSED,E-WCA-EXPANDED-20260824
MET-0417,reused-or-discovery,REUSED,E-WCA-EXPANDED-20260824
MET-0418,reused-or-discovery,REUSED,E-WCA-EXPANDED-20260824
MET-0419,reused-or-discovery,REUSED,E-WCA-EXPANDED-20260824
MET-0420,reused-or-discovery,REUSED,E-WCA-EXPANDED-20260824
MET-0421,reused-or-discovery,REUSED,E-WCA-EXPANDED-20260824
MET-0422,reused-or-discovery,REUSED,E-WCA-EXPANDED-20260824
MET-0423,reused-or-discovery,REUSED,E-WCA-EXPANDED-20260824
MET-0424,reused-or-discovery,REUSED,E-WCA-EXPANDED-20260824
MET-0425,reused-or-discovery,REUSED,E-WCA-EXPANDED-20260824
MET-0426,reused-or-discovery,REUSED,E-WCA-EXPANDED-20260824
MET-0427,reused-or-discovery,REUSED,E-WCA-EXPANDED-20260824
MET-0428,reused-or-discovery,REUSED,E-WCA-EXPANDED-20260824
MET-0429,reused-or-discovery,REUSED,E-WCA-EXPANDED-20260824
MET-0430,reused-or-discovery,REUSED,E-WCA-EXPANDED-20260824
MET-0431,reused-or-discovery,REUSED,E-WCA-EXPANDED-20260824
MET-0432,reused-or-discovery,REUSED,E-WCA-EXPANDED-20260824
MET-0433,reused-or-discovery,REUSED,E-WCA-EXPANDED-20260824
MET-0434,reused-or-discovery,REUSED,E-WCA-EXPANDED-20260824
MET-0435,reused-or-discovery,REUSED,E-WCA-EXPANDED-20260824
MET-0436,reused-or-discovery,REUSED,E-WCA-EXPANDED-20260824
MET-0437,reused-or-discovery,REUSED,E-WCA-EXPANDED-20260824
MET-0438,reused-or-discovery,REUSED,E-WCA-EXPANDED-20260824
MET-0439,reused-or-discovery,REUSED,E-WCA-EXPANDED-20260824
MET-0440,reused-or-discovery,REUSED,E-WCA-EXPANDED-20260824
MET-0441,reused-or-discovery,REUSED,E-WCA-EXPANDED-20260824
MET-0442,reused-or-discovery,REUSED,E-WCA-EXPANDED-20260824
MET-0443,reused-or-discovery,REUSED,E-WCA-EXPANDED-20260824
MET-0444,reused-or-discovery,REUSED,E-WCA-EXPANDED-20260824
MET-0445,reused-or-discovery,REUSED,E-WCA-EXPANDED-20260824
MET-0446,reused-or-discovery,REUSED,E-WCA-EXPANDED-20260824
MET-0447,reused-or-discovery,REUSED,E-WCA-EXPANDED-20260824
MET-0448,reused-or-discovery,REUSED,E-WCA-EXPANDED-20260824
MET-0449,reused-or-discovery,REUSED,E-WCA-EXPANDED-20260824
MET-0450,reused-or-discovery,REUSED,E-WCA-EXPANDED-20260824
MET-0451,reused-or-discovery,REUSED,E-WCA-EXPANDED-20260824
MET-0452,reused-or-discovery,REUSED,E-WCA-EXPANDED-20260824
MET-0453,reused-or-discovery,REUSED,E-WCA-EXPANDED-20260824
MET-0454,reused-or-discovery,REUSED,E-WCA-EXPANDED-20260824
MET-0455,reused-or-discovery,REUSED,E-WCA-EXPANDED-20260824
MET-0456,reused-or-discovery,REUSED,E-WCA-EXPANDED-20260824
MET-0457,reused-or-discovery,REUSED,E-WCA-EXPANDED-20260824
MET-0458,reused-or-discovery,REUSED,E-WCA-EXPANDED-20260824
MET-0459,reused-or-discovery,REUSED,E-WCA-EXPANDED-20260824
MET-0460,reused-or-discovery,REUSED,E-WCA-EXPANDED-20260824
MET-0461,reused-or-discovery,REUSED,E-WCA-EXPANDED-20260824
MET-0462,reused-or-discovery,REUSED,E-WCA-EXPANDED-20260824
MET-0463,reused-or-discovery,REUSED,E-WCA-EXPANDED-20260824
MET-0464,reused-or-discovery,REUSED,E-WCA-EXPANDED-20260824
MET-0465,reused-or-discovery,REUSED,E-WCA-EXPANDED-20260824
MET-0466,reused-or-discovery,REUSED,E-WCA-EXPANDED-20260824
MET-0467,reused-or-discovery,REUSED,E-WCA-EXPANDED-20260824
MET-0468,reused-or-discovery,REUSED,E-WCA-EXPANDED-20260824
MET-0469,reused-or-discovery,REUSED,E-WCA-EXPANDED-20260824
MET-0470,reused-or-discovery,REUSED,E-WCA-EXPANDED-20260824
MET-0471,reused-or-discovery,REUSED,E-WCA-EXPANDED-20260824
MET-0472,reused-or-discovery,REUSED,E-WCA-EXPANDED-20260824
MET-0473,reused-or-discovery,REUSED,E-WCA-EXPANDED-20260824
MET-0474,reused-or-discovery,REUSED,E-WCA-EXPANDED-20260824
MET-0475,reused-or-discovery,REUSED,E-WCA-EXPANDED-20260824
MET-0476,reused-or-discovery,REUSED,E-WCA-EXPANDED-20260824
MET-0477,reused-or-discovery,REUSED,E-WCA-EXPANDED-20260824
MET-0478,reused-or-discovery,REUSED,E-WCA-EXPANDED-20260824
MET-0479,reused-or-discovery,REUSED,E-WCA-EXPANDED-20260824
MET-0480,reused-or-discovery,REUSED,E-WCA-EXPANDED-20260824
MET-0481,reused-or-discovery,REUSED,E-WCA-EXPANDED-20260824
MET-0482,reused-or-discovery,REUSED,E-WCA-EXPANDED-20260824
MET-0483,reused-or-discovery,REUSED,E-WCA-EXPANDED-20260824
MET-0484,reused-or-discovery,REUSED,E-WCA-EXPANDED-20260824
MET-0485,reused-or-discovery,REUSED,E-WCA-EXPANDED-20260824
MET-0486,reused-or-discovery,REUSED,E-WCA-EXPANDED-20260824
MET-0487,reused-or-discovery,REUSED,E-WCA-EXPANDED-20260824
MET-0488,reused-or-discovery,REUSED,E-WCA-EXPANDED-20260824
MET-0489,reused-or-discovery,REUSED,E-WCA-EXPANDED-20260824
MET-0490,reused-or-discovery,REUSED,E-WCA-EXPANDED-20260824
MET-0491,reused-or-discovery,REUSED,E-WCA-EXPANDED-20260824
MET-0492,reused-or-discovery,REUSED,E-WCA-EXPANDED-20260824
MET-0493,reused-or-discovery,REUSED,E-WCA-EXPANDED-20260824
MET-0494,reused-or-discovery,REUSED,E-WCA-EXPANDED-20260824
MET-0495,reused-or-discovery,REUSED,E-WCA-EXPANDED-20260824
MET-0496,reused-or-discovery,REUSED,E-WCA-EXPANDED-20260824
MET-0497,reused-or-discovery,REUSED,E-WCA-EXPANDED-20260824
MET-0498,reused-or-discovery,REUSED,E-WCA-EXPANDED-20260824
MET-0499,reused-or-discovery,REUSED,E-WCA-EXPANDED-20260824
MET-0500,reused-or-discovery,REUSED,E-WCA-EXPANDED-20260824
MET-0501,reused-or-discovery,REUSED,E-WCA-EXPANDED-20260824
MET-0502,reused-or-discovery,REUSED,E-WCA-EXPANDED-20260824
MET-0503,reused-or-discovery,REUSED,E-WCA-EXPANDED-20260824
MET-0504,reused-or-discovery,REUSED,E-WCA-EXPANDED-20260824
MET-0505,reused-or-discovery,REUSED,E-WCA-EXPANDED-20260824
MET-0506,reused-or-discovery,REUSED,E-WCA-EXPANDED-20260824
MET-0507,reused-or-discovery,REUSED,E-WCA-EXPANDED-20260824
MET-0508,reused-or-discovery,REUSED,E-WCA-EXPANDED-20260824
MET-0509,reused-or-discovery,REUSED,E-WCA-EXPANDED-20260824
MET-0510,reused-or-discovery,REUSED,E-WCA-EXPANDED-20260824
MET-0511,reused-or-discovery,REUSED,E-WCA-EXPANDED-20260824
MET-0512,reused-or-discovery,REUSED,E-WCA-EXPANDED-20260824
MET-0513,reused-or-discovery,REUSED,E-WCA-EXPANDED-20260824
MET-0514,reused-or-discovery,REUSED,E-WCA-EXPANDED-20260824
MET-0515,reused-or-discovery,REUSED,E-WCA-EXPANDED-20260824
MET-0516,reused-or-discovery,REUSED,E-WCA-EXPANDED-20260824
MET-0517,reused-or-discovery,REUSED,E-WCA-EXPANDED-20260824
MET-0518,reused-or-discovery,REUSED,E-WCA-EXPANDED-20260824
MET-0519,reused-or-discovery,REUSED,E-WCA-EXPANDED-20260824
MET-0520,reused-or-discovery,REUSED,E-WCA-EXPANDED-20260824
MET-0521,reused-or-discovery,REUSED,E-WCA-EXPANDED-20260824
MET-0522,reused-or-discovery,REUSED,E-WCA-EXPANDED-20260824
MET-0523,reused-or-discovery,REUSED,E-WCA-EXPANDED-20260824
MET-0524,reused-or-discovery,REUSED,E-WCA-EXPANDED-20260824
MET-0525,reused-or-discovery,REUSED,E-WCA-EXPANDED-20260824
MET-0526,reused-or-discovery,REUSED,E-WCA-EXPANDED-20260824
MET-0527,reused-or-discovery,REUSED,E-WCA-EXPANDED-20260824
MET-0528,reused-or-discovery,REUSED,E-WCA-EXPANDED-20260824
MET-0529,reused-or-discovery,REUSED,E-WCA-EXPANDED-20260824
MET-0530,reused-or-discovery,REUSED,E-WCA-EXPANDED-20260824
MET-0531,reused-or-discovery,REUSED,E-WCA-EXPANDED-20260824
MET-0532,reused-or-discovery,REUSED,E-WCA-EXPANDED-20260824
MET-0533,reused-or-discovery,REUSED,E-WCA-EXPANDED-20260824
MET-0534,reused-or-discovery,REUSED,E-WCA-EXPANDED-20260824
MET-0535,reused-or-discovery,REUSED,E-WCA-EXPANDED-20260824
MET-0536,reused-or-discovery,REUSED,E-WCA-EXPANDED-20260824
MET-0537,reused-or-discovery,REUSED,E-WCA-EXPANDED-20260824
MET-0538,reused-or-discovery,REUSED,E-WCA-EXPANDED-20260824
MET-0539,reused-or-discovery,REUSED,E-WCA-EXPANDED-20260824
MET-0540,reused-or-discovery,REUSED,E-WCA-EXPANDED-20260824
MET-0541,reused-or-discovery,REUSED,E-WCA-EXPANDED-20260824
MET-0542,reused-or-discovery,REUSED,E-WCA-EXPANDED-20260824
MET-0543,reused-or-discovery,REUSED,E-WCA-EXPANDED-20260824
MET-0544,reused-or-discovery,REUSED,E-WCA-EXPANDED-20260824
MET-0545,reused-or-discovery,REUSED,E-WCA-EXPANDED-20260824
MET-0546,reused-or-discovery,REUSED,E-WCA-EXPANDED-20260824
MET-0547,reused-or-discovery,REUSED,E-WCA-EXPANDED-20260824
MET-0548,reused-or-discovery,REUSED,E-WCA-EXPANDED-20260824
MET-0549,reused-or-discovery,REUSED,E-WCA-EXPANDED-20260824
MET-0550,reused-or-discovery,REUSED,E-WCA-EXPANDED-20260824
MET-0551,reused-or-discovery,REUSED,E-WCA-EXPANDED-20260824
MET-0552,reused-or-discovery,REUSED,E-WCA-EXPANDED-20260824
MET-0553,reused-or-discovery,REUSED,E-WCA-EXPANDED-20260824
MET-0554,reused-or-discovery,REUSED,E-WCA-EXPANDED-20260824
MET-0555,reused-or-discovery,REUSED,E-WCA-EXPANDED-20260824
MET-0556,reused-or-discovery,REUSED,E-WCA-EXPANDED-20260824
MET-0557,reused-or-discovery,REUSED,E-WCA-EXPANDED-20260824
MET-0558,reused-or-discovery,REUSED,E-WCA-EXPANDED-20260824
MET-0559,reused-or-discovery,REUSED,E-WCA-EXPANDED-20260824
MET-0560,reused-or-discovery,REUSED,E-WCA-EXPANDED-20260824
MET-0561,reused-or-discovery,REUSED,E-WCA-EXPANDED-20260824
MET-0562,reused-or-discovery,REUSED,E-WCA-EXPANDED-20260824
MET-0563,reused-or-discovery,REUSED,E-WCA-EXPANDED-20260824
MET-0564,reused-or-discovery,REUSED,E-WCA-EXPANDED-20260824
MET-0565,reused-or-discovery,REUSED,E-WCA-EXPANDED-20260824
MET-0566,reused-or-discovery,REUSED,E-WCA-EXPANDED-20260824
MET-0567,reused-or-discovery,REUSED,E-WCA-EXPANDED-20260824
MET-0568,reused-or-discovery,REUSED,E-WCA-EXPANDED-20260824
MET-0569,reused-or-discovery,REUSED,E-WCA-EXPANDED-20260824
MET-0570,reused-or-discovery,REUSED,E-WCA-EXPANDED-20260824
MET-0571,reused-or-discovery,REUSED,E-WCA-EXPANDED-20260824
MET-0572,reused-or-discovery,REUSED,E-WCA-EXPANDED-20260824
MET-0573,reused-or-discovery,REUSED,E-WCA-EXPANDED-20260824
MET-0574,reused-or-discovery,REUSED,E-WCA-EXPANDED-20260824
MET-0575,reused-or-discovery,REUSED,E-WCA-EXPANDED-20260824
MET-0576,reused-or-discovery,REUSED,E-WCA-EXPANDED-20260824
MET-0577,reused-or-discovery,REUSED,E-WCA-EXPANDED-20260824
MET-0578,reused-or-discovery,REUSED,E-WCA-EXPANDED-20260824
MET-0579,reused-or-discovery,REUSED,E-WCA-EXPANDED-20260824
MET-0580,reused-or-discovery,REUSED,E-WCA-EXPANDED-20260824
MET-0581,reused-or-discovery,REUSED,E-WCA-EXPANDED-20260824
MET-0582,reused-or-discovery,REUSED,E-WCA-EXPANDED-20260824
MET-0583,reused-or-discovery,REUSED,E-WCA-EXPANDED-20260824
MET-0584,reused-or-discovery,REUSED,E-WCA-EXPANDED-20260824
MET-0585,reused-or-discovery,REUSED,E-WCA-EXPANDED-20260824
MET-0586,reused-or-discovery,REUSED,E-WCA-EXPANDED-20260824
MET-0587,reused-or-discovery,REUSED,E-WCA-EXPANDED-20260824
MET-0588,reused-or-discovery,REUSED,E-WCA-EXPANDED-20260824
MET-0589,reused-or-discovery,REUSED,E-WCA-EXPANDED-20260824
MET-0590,reused-or-discovery,REUSED,E-WCA-EXPANDED-20260824
MET-0591,reused-or-discovery,REUSED,E-WCA-EXPANDED-20260824
MET-0592,reused-or-discovery,REUSED,E-WCA-EXPANDED-20260824
MET-0593,reused-or-discovery,REUSED,E-WCA-EXPANDED-20260824
MET-0594,reused-or-discovery,REUSED,E-WCA-EXPANDED-20260824
MET-0595,reused-or-discovery,REUSED,E-WCA-EXPANDED-20260824
MET-0596,reused-or-discovery,REUSED,E-WCA-EXPANDED-20260824
MET-0597,reused-or-discovery,REUSED,E-WCA-EXPANDED-20260824
MET-0598,reused-or-discovery,REUSED,E-WCA-EXPANDED-20260824
MET-0599,reused-or-discovery,REUSED,E-WCA-EXPANDED-20260824
MET-0600,reused-or-discovery,REUSED,E-WCA-EXPANDED-20260824
MET-0601,reused-or-discovery,REUSED,E-WCA-EXPANDED-20260824
MET-0602,reused-or-discovery,REUSED,E-WCA-EXPANDED-20260824
MET-0603,reused-or-discovery,REUSED,E-WCA-EXPANDED-20260824
MET-0604,reused-or-discovery,REUSED,E-WCA-EXPANDED-20260824
MET-0605,reused-or-discovery,REUSED,E-WCA-EXPANDED-20260824
MET-0606,reused-or-discovery,REUSED,E-WCA-EXPANDED-20260824
MET-0607,reused-or-discovery,REUSED,E-WCA-EXPANDED-20260824
MET-0608,reused-or-discovery,REUSED,E-WCA-EXPANDED-20260824
MET-0609,reused-or-discovery,REUSED,E-WCA-EXPANDED-20260824
MET-0610,reused-or-discovery,REUSED,E-WCA-EXPANDED-20260824
MET-0611,reused-or-discovery,REUSED,E-WCA-EXPANDED-20260824
MET-0612,reused-or-discovery,REUSED,E-WCA-EXPANDED-20260824
MET-0613,reused-or-discovery,REUSED,E-WCA-EXPANDED-20260824
MET-0614,reused-or-discovery,REUSED,E-WCA-EXPANDED-20260824
MET-0615,reused-or-discovery,REUSED,E-WCA-EXPANDED-20260824
MET-0616,reused-or-discovery,REUSED,E-WCA-EXPANDED-20260824
MET-0617,reused-or-discovery,REUSED,E-WCA-EXPANDED-20260824
MET-0618,reused-or-discovery,REUSED,E-WCA-EXPANDED-20260824
MET-0619,reused-or-discovery,REUSED,E-WCA-EXPANDED-20260824
MET-0620,reused-or-discovery,REUSED,E-WCA-EXPANDED-20260824
MET-0621,reused-or-discovery,REUSED,E-WCA-EXPANDED-20260824
MET-0622,reused-or-discovery,REUSED,E-WCA-EXPANDED-20260824
MET-0623,reused-or-discovery,REUSED,E-WCA-EXPANDED-20260824
MET-0624,reused-or-discovery,REUSED,E-WCA-EXPANDED-20260824
MET-0625,reused-or-discovery,REUSED,E-WCA-EXPANDED-20260824
MET-0626,reused-or-discovery,REUSED,E-WCA-EXPANDED-20260824
MET-0627,reused-or-discovery,REUSED,E-WCA-EXPANDED-20260824
MET-0628,reused-or-discovery,REUSED,E-WCA-EXPANDED-20260824
MET-0629,reused-or-discovery,REUSED,E-WCA-EXPANDED-20260824
MET-0630,reused-or-discovery,REUSED,E-WCA-EXPANDED-20260824
MET-0631,reused-or-discovery,REUSED,E-WCA-EXPANDED-20260824
MET-0632,reused-or-discovery,REUSED,E-WCA-EXPANDED-20260824
MET-0633,reused-or-discovery,REUSED,E-WCA-EXPANDED-20260824
MET-0634,reused-or-discovery,REUSED,E-WCA-EXPANDED-20260824
MET-0635,reused-or-discovery,REUSED,E-WCA-EXPANDED-20260824
MET-0636,reused-or-discovery,REUSED,E-WCA-EXPANDED-20260824
MET-0637,reused-or-discovery,REUSED,E-WCA-EXPANDED-20260824
MET-0638,reused-or-discovery,REUSED,E-WCA-EXPANDED-20260824
MET-0639,reused-or-discovery,REUSED,E-WCA-EXPANDED-20260824
MET-0640,reused-or-discovery,REUSED,E-WCA-EXPANDED-20260824
MET-0641,reused-or-discovery,REUSED,E-WCA-EXPANDED-20260824
MET-0642,reused-or-discovery,REUSED,E-WCA-EXPANDED-20260824
MET-0643,reused-or-discovery,REUSED,E-WCA-EXPANDED-20260824
MET-0644,reused-or-discovery,REUSED,E-WCA-EXPANDED-20260824
MET-0645,reused-or-discovery,REUSED,E-WCA-EXPANDED-20260824
MET-0646,reused-or-discovery,REUSED,E-WCA-EXPANDED-20260824
MET-0647,reused-or-discovery,REUSED,E-WCA-EXPANDED-20260824
MET-0648,reused-or-discovery,REUSED,E-WCA-EXPANDED-20260824
MET-0649,reused-or-discovery,REUSED,E-WCA-EXPANDED-20260824
MET-0650,reused-or-discovery,REUSED,E-WCA-EXPANDED-20260824
MET-0651,reused-or-discovery,REUSED,E-WCA-EXPANDED-20260824
MET-0652,reused-or-discovery,REUSED,E-WCA-EXPANDED-20260824
MET-0653,reused-or-discovery,REUSED,E-WCA-EXPANDED-20260824
MET-0654,reused-or-discovery,REUSED,E-WCA-EXPANDED-20260824
MET-0655,reused-or-discovery,REUSED,E-WCA-EXPANDED-20260824
MET-0656,reused-or-discovery,REUSED,E-WCA-EXPANDED-20260824
MET-0657,reused-or-discovery,REUSED,E-WCA-EXPANDED-20260824
MET-0658,reused-or-discovery,REUSED,E-WCA-EXPANDED-20260824
MET-0659,reused-or-discovery,REUSED,E-WCA-EXPANDED-20260824
MET-0660,reused-or-discovery,REUSED,E-WCA-EXPANDED-20260824
MET-0661,reused-or-discovery,REUSED,E-WCA-EXPANDED-20260824
MET-0662,reused-or-discovery,REUSED,E-WCA-EXPANDED-20260824
MET-0663,reused-or-discovery,REUSED,E-WCA-EXPANDED-20260824
MET-0664,reused-or-discovery,REUSED,E-WCA-EXPANDED-20260824
MET-0665,reused-or-discovery,REUSED,E-WCA-EXPANDED-20260824
MET-0666,reused-or-discovery,REUSED,E-WCA-EXPANDED-20260824
MET-0667,reused-or-discovery,REUSED,E-WCA-EXPANDED-20260824
MET-0668,reused-or-discovery,REUSED,E-WCA-EXPANDED-20260824
MET-0669,reused-or-discovery,REUSED,E-WCA-EXPANDED-20260824
MET-0670,reused-or-discovery,REUSED,E-WCA-EXPANDED-20260824
MET-0671,reused-or-discovery,REUSED,E-WCA-EXPANDED-20260824
MET-0672,reused-or-discovery,REUSED,E-WCA-EXPANDED-20260824
MET-0673,reused-or-discovery,REUSED,E-WCA-EXPANDED-20260824
MET-0674,reused-or-discovery,REUSED,E-WCA-EXPANDED-20260824
MET-0675,reused-or-discovery,REUSED,E-WCA-EXPANDED-20260824
MET-0676,reused-or-discovery,REUSED,E-WCA-EXPANDED-20260824
MET-0677,reused-or-discovery,REUSED,E-WCA-EXPANDED-20260824
MET-0678,reused-or-discovery,REUSED,E-WCA-EXPANDED-20260824
MET-0679,reused-or-discovery,REUSED,E-WCA-EXPANDED-20260824
MET-0680,reused-or-discovery,REUSED,E-WCA-EXPANDED-20260824
MET-0681,reused-or-discovery,REUSED,E-WCA-EXPANDED-20260824
MET-0682,reused-or-discovery,REUSED,E-WCA-EXPANDED-20260824
MET-0683,reused-or-discovery,REUSED,E-WCA-EXPANDED-20260824
MET-0684,reused-or-discovery,REUSED,E-WCA-EXPANDED-20260824
MET-0685,reused-or-discovery,REUSED,E-WCA-EXPANDED-20260824
MET-0686,reused-or-discovery,REUSED,E-WCA-EXPANDED-20260824
MET-0687,reused-or-discovery,REUSED,E-WCA-EXPANDED-20260824
MET-0688,reused-or-discovery,REUSED,E-WCA-EXPANDED-20260824
MET-0689,reused-or-discovery,REUSED,E-WCA-EXPANDED-20260824
MET-0690,reused-or-discovery,REUSED,E-WCA-EXPANDED-20260824
MET-0691,reused-or-discovery,REUSED,E-WCA-EXPANDED-20260824
MET-0692,reused-or-discovery,REUSED,E-WCA-EXPANDED-20260824
MET-0693,reused-or-discovery,REUSED,E-WCA-EXPANDED-20260824
MET-0694,reused-or-discovery,REUSED,E-WCA-EXPANDED-20260824
MET-0695,reused-or-discovery,REUSED,E-WCA-EXPANDED-20260824
MET-0696,reused-or-discovery,REUSED,E-WCA-EXPANDED-20260824
MET-0697,reused-or-discovery,REUSED,E-WCA-EXPANDED-20260824
MET-0698,reused-or-discovery,REUSED,E-WCA-EXPANDED-20260824
MET-0699,reused-or-discovery,REUSED,E-WCA-EXPANDED-20260824
MET-0700,reused-or-discovery,REUSED,E-WCA-EXPANDED-20260824
MET-0701,reused-or-discovery,REUSED,E-WCA-EXPANDED-20260824
MET-0702,reused-or-discovery,REUSED,E-WCA-EXPANDED-20260824
MET-0703,reused-or-discovery,REUSED,E-WCA-EXPANDED-20260824
MET-0704,reused-or-discovery,REUSED,E-WCA-EXPANDED-20260824
MET-0705,reused-or-discovery,REUSED,E-WCA-EXPANDED-20260824
MET-0706,reused-or-discovery,REUSED,E-WCA-EXPANDED-20260824
MET-0707,reused-or-discovery,REUSED,E-WCA-EXPANDED-20260824
MET-0708,reused-or-discovery,REUSED,E-WCA-EXPANDED-20260824
MET-0709,reused-or-discovery,REUSED,E-WCA-EXPANDED-20260824
MET-0710,reused-or-discovery,REUSED,E-WCA-EXPANDED-20260824
MET-0711,reused-or-discovery,REUSED,E-WCA-EXPANDED-20260824
MET-0712,reused-or-discovery,REUSED,E-WCA-EXPANDED-20260824
MET-0713,reused-or-discovery,REUSED,E-WCA-EXPANDED-20260824
MET-0714,reused-or-discovery,REUSED,E-WCA-EXPANDED-20260824
MET-0715,reused-or-discovery,REUSED,E-WCA-EXPANDED-20260824
MET-0716,reused-or-discovery,REUSED,E-WCA-EXPANDED-20260824
MET-0717,reused-or-discovery,REUSED,E-WCA-EXPANDED-20260824
MET-0718,reused-or-discovery,REUSED,E-WCA-EXPANDED-20260824
MET-0719,reused-or-discovery,REUSED,E-WCA-EXPANDED-20260824
MET-0720,reused-or-discovery,REUSED,E-WCA-EXPANDED-20260824
MET-0721,reused-or-discovery,REUSED,E-WCA-EXPANDED-20260824
MET-0722,reused-or-discovery,REUSED,E-WCA-EXPANDED-20260824
MET-0723,reused-or-discovery,REUSED,E-WCA-EXPANDED-20260824
MET-0724,reused-or-discovery,REUSED,E-WCA-EXPANDED-20260824
MET-0725,reused-or-discovery,REUSED,E-WCA-EXPANDED-20260824
MET-0726,reused-or-discovery,REUSED,E-WCA-EXPANDED-20260824
MET-0727,reused-or-discovery,REUSED,E-WCA-EXPANDED-20260824
MET-0728,reused-or-discovery,REUSED,E-WCA-EXPANDED-20260824
MET-0729,reused-or-discovery,REUSED,E-WCA-EXPANDED-20260824
MET-0730,reused-or-discovery,REUSED,E-WCA-EXPANDED-20260824
MET-0731,reused-or-discovery,REUSED,E-WCA-EXPANDED-20260824
MET-0732,reused-or-discovery,REUSED,E-WCA-EXPANDED-20260824
MET-0733,reused-or-discovery,REUSED,E-WCA-EXPANDED-20260824
MET-0734,reused-or-discovery,REUSED,E-WCA-EXPANDED-20260824
MET-0735,reused-or-discovery,REUSED,E-WCA-EXPANDED-20260824
MET-0736,reused-or-discovery,REUSED,E-WCA-EXPANDED-20260824
MET-0737,reused-or-discovery,REUSED,E-WCA-EXPANDED-20260824
MET-0738,reused-or-discovery,REUSED,E-WCA-EXPANDED-20260824
MET-0739,reused-or-discovery,REUSED,E-WCA-EXPANDED-20260824
MET-0740,reused-or-discovery,REUSED,E-WCA-EXPANDED-20260824
MET-0741,reused-or-discovery,REUSED,E-WCA-EXPANDED-20260824
MET-0742,reused-or-discovery,REUSED,E-WCA-EXPANDED-20260824
MET-0743,reused-or-discovery,REUSED,E-WCA-EXPANDED-20260824
MET-0744,reused-or-discovery,REUSED,E-WCA-EXPANDED-20260824
MET-0745,reused-or-discovery,REUSED,E-WCA-EXPANDED-20260824
MET-0746,reused-or-discovery,REUSED,E-WCA-EXPANDED-20260824
MET-0747,reused-or-discovery,REUSED,E-WCA-EXPANDED-20260824
MET-0748,reused-or-discovery,REUSED,E-WCA-EXPANDED-20260824
MET-0749,reused-or-discovery,REUSED,E-WCA-EXPANDED-20260824
MET-0750,reused-or-discovery,REUSED,E-WCA-EXPANDED-20260824
MET-0751,reused-or-discovery,REUSED,E-WCA-EXPANDED-20260824
MET-0752,reused-or-discovery,REUSED,E-WCA-EXPANDED-20260824
MET-0753,reused-or-discovery,REUSED,E-WCA-EXPANDED-20260824
MET-0754,reused-or-discovery,REUSED,E-WCA-EXPANDED-20260824
MET-0755,reused-or-discovery,REUSED,E-WCA-EXPANDED-20260824
MET-0756,reused-or-discovery,REUSED,E-WCA-EXPANDED-20260824
MET-0757,reused-or-discovery,REUSED,E-WCA-EXPANDED-20260824
MET-0758,reused-or-discovery,REUSED,E-WCA-EXPANDED-20260824
MET-0759,reused-or-discovery,REUSED,E-WCA-EXPANDED-20260824
MET-0760,reused-or-discovery,REUSED,E-WCA-EXPANDED-20260824
MET-0761,reused-or-discovery,REUSED,E-WCA-EXPANDED-20260824
MET-0762,reused-or-discovery,REUSED,E-WCA-EXPANDED-20260824
MET-0763,reused-or-discovery,REUSED,E-WCA-EXPANDED-20260824
MET-0764,reused-or-discovery,REUSED,E-WCA-EXPANDED-20260824
MET-0765,reused-or-discovery,REUSED,E-WCA-EXPANDED-20260824
MET-0766,reused-or-discovery,REUSED,E-WCA-EXPANDED-20260824
MET-0767,reused-or-discovery,REUSED,E-WCA-EXPANDED-20260824
MET-0768,reused-or-discovery,REUSED,E-WCA-EXPANDED-20260824
MET-0769,reused-or-discovery,REUSED,E-WCA-EXPANDED-20260824
MET-0770,reused-or-discovery,REUSED,E-WCA-EXPANDED-20260824
MET-0771,reused-or-discovery,REUSED,E-WCA-EXPANDED-20260824
MET-0772,reused-or-discovery,REUSED,E-WCA-EXPANDED-20260824
MET-0773,reused-or-discovery,REUSED,E-WCA-EXPANDED-20260824
MET-0774,reused-or-discovery,REUSED,E-WCA-EXPANDED-20260824
MET-0775,reused-or-discovery,REUSED,E-WCA-EXPANDED-20260824
MET-0776,reused-or-discovery,REUSED,E-WCA-EXPANDED-20260824
MET-0777,reused-or-discovery,REUSED,E-WCA-EXPANDED-20260824
MET-0778,reused-or-discovery,REUSED,E-WCA-EXPANDED-20260824
MET-0779,reused-or-discovery,REUSED,E-WCA-EXPANDED-20260824
MET-0780,reused-or-discovery,REUSED,E-WCA-EXPANDED-20260824
MET-0781,reused-or-discovery,REUSED,E-WCA-EXPANDED-20260824
MET-0782,reused-or-discovery,REUSED,E-WCA-EXPANDED-20260824
MET-0783,reused-or-discovery,REUSED,E-WCA-EXPANDED-20260824
MET-0784,reused-or-discovery,REUSED,E-WCA-EXPANDED-20260824
MET-0785,reused-or-discovery,REUSED,E-WCA-EXPANDED-20260824
MET-0786,reused-or-discovery,REUSED,E-WCA-EXPANDED-20260824
MET-0787,reused-or-discovery,REUSED,E-WCA-EXPANDED-20260824
MET-0788,reused-or-discovery,REUSED,E-WCA-EXPANDED-20260824
MET-0789,reused-or-discovery,REUSED,E-WCA-EXPANDED-20260824
MET-0790,reused-or-discovery,REUSED,E-WCA-EXPANDED-20260824
MET-0791,reused-or-discovery,REUSED,E-WCA-EXPANDED-20260824
MET-0792,reused-or-discovery,REUSED,E-WCA-EXPANDED-20260824
MET-0793,reused-or-discovery,REUSED,E-WCA-EXPANDED-20260824
MET-0794,reused-or-discovery,REUSED,E-WCA-EXPANDED-20260824
MET-0795,reused-or-discovery,REUSED,E-WCA-EXPANDED-20260824
MET-0796,reused-or-discovery,REUSED,E-WCA-EXPANDED-20260824
MET-0797,reused-or-discovery,REUSED,E-WCA-EXPANDED-20260824
MET-0798,reused-or-discovery,REUSED,E-WCA-EXPANDED-20260824
MET-0799,reused-or-discovery,REUSED,E-WCA-EXPANDED-20260824
MET-0800,reused-or-discovery,REUSED,E-WCA-EXPANDED-20260824
MET-0801,reused-or-discovery,REUSED,E-WCA-EXPANDED-20260824
MET-0802,reused-or-discovery,REUSED,E-WCA-EXPANDED-20260824
MET-0803,reused-or-discovery,REUSED,E-WCA-EXPANDED-20260824
MET-0804,reused-or-discovery,REUSED,E-WCA-EXPANDED-20260824
MET-0805,reused-or-discovery,REUSED,E-WCA-EXPANDED-20260824
MET-0806,reused-or-discovery,REUSED,E-WCA-EXPANDED-20260824
MET-0807,reused-or-discovery,DISCOVERY_REQUIRED,E-WCA-EXPANDED-20260824
MET-0808,reused-or-discovery,DISCOVERY_REQUIRED,E-WCA-EXPANDED-20260824
MET-0809,reused-or-discovery,DISCOVERY_REQUIRED,E-WCA-EXPANDED-20260824
MET-0810,reused-or-discovery,DISCOVERY_REQUIRED,E-WCA-EXPANDED-20260824
MET-0811,reused-or-discovery,DISCOVERY_REQUIRED,E-WCA-EXPANDED-20260824
MET-0812,reused-or-discovery,DISCOVERY_REQUIRED,E-WCA-EXPANDED-20260824
MET-0813,reused-or-discovery,DISCOVERY_REQUIRED,E-WCA-EXPANDED-20260824
MET-0814,reused-or-discovery,DISCOVERY_REQUIRED,E-WCA-EXPANDED-20260824
MET-0815,reused-or-discovery,DISCOVERY_REQUIRED,E-WCA-EXPANDED-20260824
MET-0816,reused-or-discovery,DISCOVERY_REQUIRED,E-WCA-EXPANDED-20260824
MET-0817,reused-or-discovery,DISCOVERY_REQUIRED,E-WCA-EXPANDED-20260824
MET-0818,reused-or-discovery,DISCOVERY_REQUIRED,E-WCA-EXPANDED-20260824
MET-0819,reused-or-discovery,DISCOVERY_REQUIRED,E-WCA-EXPANDED-20260824
MET-0820,reused-or-discovery,DISCOVERY_REQUIRED,E-WCA-EXPANDED-20260824
MET-0821,reused-or-discovery,DISCOVERY_REQUIRED,E-WCA-EXPANDED-20260824
MET-0822,reused-or-discovery,DISCOVERY_REQUIRED,E-WCA-EXPANDED-20260824
MET-0823,reused-or-discovery,DISCOVERY_REQUIRED,E-WCA-EXPANDED-20260824
MET-0824,reused-or-discovery,DISCOVERY_REQUIRED,E-WCA-EXPANDED-20260824
MET-0825,reused-or-discovery,DISCOVERY_REQUIRED,E-WCA-EXPANDED-20260824
MET-0826,reused-or-discovery,DISCOVERY_REQUIRED,E-WCA-EXPANDED-20260824
MET-0827,reused-or-discovery,DISCOVERY_REQUIRED,E-WCA-EXPANDED-20260824
MET-0828,reused-or-discovery,DISCOVERY_REQUIRED,E-WCA-EXPANDED-20260824
MET-0829,reused-or-discovery,DISCOVERY_REQUIRED,E-WCA-EXPANDED-20260824
MET-0830,reused-or-discovery,DISCOVERY_REQUIRED,E-WCA-EXPANDED-20260824
MET-0831,reused-or-discovery,DISCOVERY_REQUIRED,E-WCA-EXPANDED-20260824
MET-0832,reused-or-discovery,DISCOVERY_REQUIRED,E-WCA-EXPANDED-20260824
MET-0833,reused-or-discovery,DISCOVERY_REQUIRED,E-WCA-EXPANDED-20260824
MET-0834,reused-or-discovery,DISCOVERY_REQUIRED,E-WCA-EXPANDED-20260824
MET-0835,reused-or-discovery,DISCOVERY_REQUIRED,E-WCA-EXPANDED-20260824
MET-0836,reused-or-discovery,DISCOVERY_REQUIRED,E-WCA-EXPANDED-20260824
MET-0837,reused-or-discovery,DISCOVERY_REQUIRED,E-WCA-EXPANDED-20260824
MET-0838,reused-or-discovery,DISCOVERY_REQUIRED,E-WCA-EXPANDED-20260824
MET-0839,reused-or-discovery,DISCOVERY_REQUIRED,E-WCA-EXPANDED-20260824
MET-0840,reused-or-discovery,DISCOVERY_REQUIRED,E-WCA-EXPANDED-20260824
MET-0841,reused-or-discovery,DISCOVERY_REQUIRED,E-WCA-EXPANDED-20260824
MET-0842,reused-or-discovery,DISCOVERY_REQUIRED,E-WCA-EXPANDED-20260824
MET-0843,reused-or-discovery,DISCOVERY_REQUIRED,E-WCA-EXPANDED-20260824
MET-0844,reused-or-discovery,DISCOVERY_REQUIRED,E-WCA-EXPANDED-20260824
MET-0845,reused-or-discovery,DISCOVERY_REQUIRED,E-WCA-EXPANDED-20260824
MET-0846,reused-or-discovery,DISCOVERY_REQUIRED,E-WCA-EXPANDED-20260824
MET-0847,reused-or-discovery,DISCOVERY_REQUIRED,E-WCA-EXPANDED-20260824
MET-0848,reused-or-discovery,DISCOVERY_REQUIRED,E-WCA-EXPANDED-20260824
MET-0849,reused-or-discovery,DISCOVERY_REQUIRED,E-WCA-EXPANDED-20260824
MET-0850,reused-or-discovery,DISCOVERY_REQUIRED,E-WCA-EXPANDED-20260824
MET-0851,reused-or-discovery,DISCOVERY_REQUIRED,E-WCA-EXPANDED-20260824
MET-0852,reused-or-discovery,DISCOVERY_REQUIRED,E-WCA-EXPANDED-20260824
MET-0853,reused-or-discovery,DISCOVERY_REQUIRED,E-WCA-EXPANDED-20260824
MET-0854,reused-or-discovery,DISCOVERY_REQUIRED,E-WCA-EXPANDED-20260824
MET-0855,reused-or-discovery,DISCOVERY_REQUIRED,E-WCA-EXPANDED-20260824
MET-0856,reused-or-discovery,DISCOVERY_REQUIRED,E-WCA-EXPANDED-20260824
MET-0857,reused-or-discovery,DISCOVERY_REQUIRED,E-WCA-EXPANDED-20260824
MET-0858,reused-or-discovery,DISCOVERY_REQUIRED,E-WCA-EXPANDED-20260824
MET-0859,reused-or-discovery,DISCOVERY_REQUIRED,E-WCA-EXPANDED-20260824
MET-0860,reused-or-discovery,DISCOVERY_REQUIRED,E-WCA-EXPANDED-20260824
MET-0861,reused-or-discovery,DISCOVERY_REQUIRED,E-WCA-EXPANDED-20260824
MET-0862,reused-or-discovery,DISCOVERY_REQUIRED,E-WCA-EXPANDED-20260824
MET-0863,reused-or-discovery,DISCOVERY_REQUIRED,E-WCA-EXPANDED-20260824
MET-0864,reused-or-discovery,DISCOVERY_REQUIRED,E-WCA-EXPANDED-20260824
MET-0865,reused-or-discovery,DISCOVERY_REQUIRED,E-WCA-EXPANDED-20260824
MET-0866,reused-or-discovery,DISCOVERY_REQUIRED,E-WCA-EXPANDED-20260824
MET-0867,reused-or-discovery,DISCOVERY_REQUIRED,E-WCA-EXPANDED-20260824
MET-0868,reused-or-discovery,DISCOVERY_REQUIRED,E-WCA-EXPANDED-20260824
MET-0869,reused-or-discovery,DISCOVERY_REQUIRED,E-WCA-EXPANDED-20260824
MET-0870,reused-or-discovery,DISCOVERY_REQUIRED,E-WCA-EXPANDED-20260824
MET-0871,reused-or-discovery,DISCOVERY_REQUIRED,E-WCA-EXPANDED-20260824
MET-0872,reused-or-discovery,DISCOVERY_REQUIRED,E-WCA-EXPANDED-20260824
MET-0873,reused-or-discovery,DISCOVERY_REQUIRED,E-WCA-EXPANDED-20260824
MET-0874,reused-or-discovery,DISCOVERY_REQUIRED,E-WCA-EXPANDED-20260824
MET-0875,reused-or-discovery,DISCOVERY_REQUIRED,E-WCA-EXPANDED-20260824
MET-0876,reused-or-discovery,DISCOVERY_REQUIRED,E-WCA-EXPANDED-20260824
MET-0877,reused-or-discovery,DISCOVERY_REQUIRED,E-WCA-EXPANDED-20260824
MET-0878,reused-or-discovery,DISCOVERY_REQUIRED,E-WCA-EXPANDED-20260824
MET-0879,reused-or-discovery,DISCOVERY_REQUIRED,E-WCA-EXPANDED-20260824
MET-0880,reused-or-discovery,DISCOVERY_REQUIRED,E-WCA-EXPANDED-20260824
MET-0881,reused-or-discovery,DISCOVERY_REQUIRED,E-WCA-EXPANDED-20260824
MET-0882,reused-or-discovery,DISCOVERY_REQUIRED,E-WCA-EXPANDED-20260824
MET-0883,reused-or-discovery,DISCOVERY_REQUIRED,E-WCA-EXPANDED-20260824
MET-0884,reused-or-discovery,DISCOVERY_REQUIRED,E-WCA-EXPANDED-20260824
MET-0885,reused-or-discovery,DISCOVERY_REQUIRED,E-WCA-EXPANDED-20260824
MET-0886,reused-or-discovery,DISCOVERY_REQUIRED,E-WCA-EXPANDED-20260824
MET-0887,reused-or-discovery,DISCOVERY_REQUIRED,E-WCA-EXPANDED-20260824
MET-0888,reused-or-discovery,DISCOVERY_REQUIRED,E-WCA-EXPANDED-20260824
MET-0889,reused-or-discovery,DISCOVERY_REQUIRED,E-WCA-EXPANDED-20260824
MET-0890,reused-or-discovery,DISCOVERY_REQUIRED,E-WCA-EXPANDED-20260824
MET-0891,reused-or-discovery,DISCOVERY_REQUIRED,E-WCA-EXPANDED-20260824
MET-0892,reused-or-discovery,DISCOVERY_REQUIRED,E-WCA-EXPANDED-20260824
MET-0893,reused-or-discovery,DISCOVERY_REQUIRED,E-WCA-EXPANDED-20260824
MET-0894,reused-or-discovery,DISCOVERY_REQUIRED,E-WCA-EXPANDED-20260824
MET-0895,reused-or-discovery,DISCOVERY_REQUIRED,E-WCA-EXPANDED-20260824
MET-0896,reused-or-discovery,DISCOVERY_REQUIRED,E-WCA-EXPANDED-20260824
MET-0897,reused-or-discovery,DISCOVERY_REQUIRED,E-WCA-EXPANDED-20260824
MET-0898,reused-or-discovery,DISCOVERY_REQUIRED,E-WCA-EXPANDED-20260824
MET-0899,reused-or-discovery,DISCOVERY_REQUIRED,E-WCA-EXPANDED-20260824
MET-0900,reused-or-discovery,DISCOVERY_REQUIRED,E-WCA-EXPANDED-20260824
MET-0901,reused-or-discovery,DISCOVERY_REQUIRED,E-WCA-EXPANDED-20260824
MET-0902,reused-or-discovery,DISCOVERY_REQUIRED,E-WCA-EXPANDED-20260824
MET-0903,reused-or-discovery,DISCOVERY_REQUIRED,E-WCA-EXPANDED-20260824
MET-0904,reused-or-discovery,DISCOVERY_REQUIRED,E-WCA-EXPANDED-20260824
MET-0905,reused-or-discovery,DISCOVERY_REQUIRED,E-WCA-EXPANDED-20260824
MET-0906,reused-or-discovery,DISCOVERY_REQUIRED,E-WCA-EXPANDED-20260824
MET-0907,reused-or-discovery,DISCOVERY_REQUIRED,E-WCA-EXPANDED-20260824
MET-0908,reused-or-discovery,DISCOVERY_REQUIRED,E-WCA-EXPANDED-20260824
MET-0909,reused-or-discovery,DISCOVERY_REQUIRED,E-WCA-EXPANDED-20260824
MET-0910,reused-or-discovery,DISCOVERY_REQUIRED,E-WCA-EXPANDED-20260824
MET-0911,reused-or-discovery,DISCOVERY_REQUIRED,E-WCA-EXPANDED-20260824
MET-0912,reused-or-discovery,DISCOVERY_REQUIRED,E-WCA-EXPANDED-20260824
MET-0913,reused-or-discovery,DISCOVERY_REQUIRED,E-WCA-EXPANDED-20260824
MET-0914,reused-or-discovery,DISCOVERY_REQUIRED,E-WCA-EXPANDED-20260824
MET-0915,reused-or-discovery,DISCOVERY_REQUIRED,E-WCA-EXPANDED-20260824
MET-0916,reused-or-discovery,DISCOVERY_REQUIRED,E-WCA-EXPANDED-20260824
MET-0917,reused-or-discovery,DISCOVERY_REQUIRED,E-WCA-EXPANDED-20260824
MET-0918,reused-or-discovery,DISCOVERY_REQUIRED,E-WCA-EXPANDED-20260824
MET-0919,reused-or-discovery,DISCOVERY_REQUIRED,E-WCA-EXPANDED-20260824
MET-0920,reused-or-discovery,DISCOVERY_REQUIRED,E-WCA-EXPANDED-20260824
MET-0921,reused-or-discovery,DISCOVERY_REQUIRED,E-WCA-EXPANDED-20260824
MET-0922,reused-or-discovery,DISCOVERY_REQUIRED,E-WCA-EXPANDED-20260824
MET-0923,reused-or-discovery,DISCOVERY_REQUIRED,E-WCA-EXPANDED-20260824
MET-0924,reused-or-discovery,DISCOVERY_REQUIRED,E-WCA-EXPANDED-20260824
MET-0925,reused-or-discovery,DISCOVERY_REQUIRED,E-WCA-EXPANDED-20260824
MET-0926,reused-or-discovery,DISCOVERY_REQUIRED,E-WCA-EXPANDED-20260824
MET-0927,reused-or-discovery,DISCOVERY_REQUIRED,E-WCA-EXPANDED-20260824
MET-0928,reused-or-discovery,DISCOVERY_REQUIRED,E-WCA-EXPANDED-20260824
MET-0929,reused-or-discovery,DISCOVERY_REQUIRED,E-WCA-EXPANDED-20260824
MET-0930,reused-or-discovery,DISCOVERY_REQUIRED,E-WCA-EXPANDED-20260824
MET-0931,reused-or-discovery,DISCOVERY_REQUIRED,E-WCA-EXPANDED-20260824
MET-0932,reused-or-discovery,DISCOVERY_REQUIRED,E-WCA-EXPANDED-20260824
MET-0933,reused-or-discovery,DISCOVERY_REQUIRED,E-WCA-EXPANDED-20260824
MET-0934,reused-or-discovery,DISCOVERY_REQUIRED,E-WCA-EXPANDED-20260824
MET-0935,reused-or-discovery,DISCOVERY_REQUIRED,E-WCA-EXPANDED-20260824
MET-0936,reused-or-discovery,DISCOVERY_REQUIRED,E-WCA-EXPANDED-20260824
MET-0937,reused-or-discovery,DISCOVERY_REQUIRED,E-WCA-EXPANDED-20260824
MET-0938,reused-or-discovery,DISCOVERY_REQUIRED,E-WCA-EXPANDED-20260824
MET-0939,reused-or-discovery,DISCOVERY_REQUIRED,E-WCA-EXPANDED-20260824
MET-0940,reused-or-discovery,DISCOVERY_REQUIRED,E-WCA-EXPANDED-20260824
MET-0941,reused-or-discovery,DISCOVERY_REQUIRED,E-WCA-EXPANDED-20260824
MET-0942,reused-or-discovery,DISCOVERY_REQUIRED,E-WCA-EXPANDED-20260824
MET-0943,reused-or-discovery,DISCOVERY_REQUIRED,E-WCA-EXPANDED-20260824
MET-0944,reused-or-discovery,DISCOVERY_REQUIRED,E-WCA-EXPANDED-20260824
MET-0945,reused-or-discovery,DISCOVERY_REQUIRED,E-WCA-EXPANDED-20260824
MET-0946,reused-or-discovery,DISCOVERY_REQUIRED,E-WCA-EXPANDED-20260824
MET-0947,reused-or-discovery,DISCOVERY_REQUIRED,E-WCA-EXPANDED-20260824
MET-0948,reused-or-discovery,DISCOVERY_REQUIRED,E-WCA-EXPANDED-20260824
MET-0949,reused-or-discovery,DISCOVERY_REQUIRED,E-WCA-EXPANDED-20260824
MET-0950,reused-or-discovery,DISCOVERY_REQUIRED,E-WCA-EXPANDED-20260824
MET-0951,reused-or-discovery,DISCOVERY_REQUIRED,E-WCA-EXPANDED-20260824
MET-0952,reused-or-discovery,DISCOVERY_REQUIRED,E-WCA-EXPANDED-20260824
MET-0953,reused-or-discovery,DISCOVERY_REQUIRED,E-WCA-EXPANDED-20260824
MET-0954,reused-or-discovery,DISCOVERY_REQUIRED,E-WCA-EXPANDED-20260824
MET-0955,reused-or-discovery,DISCOVERY_REQUIRED,E-WCA-EXPANDED-20260824
MET-0956,reused-or-discovery,DISCOVERY_REQUIRED,E-WCA-EXPANDED-20260824
MET-0957,reused-or-discovery,DISCOVERY_REQUIRED,E-WCA-EXPANDED-20260824
MET-0958,reused-or-discovery,DISCOVERY_REQUIRED,E-WCA-EXPANDED-20260824
MET-0959,reused-or-discovery,DISCOVERY_REQUIRED,E-WCA-EXPANDED-20260824
MET-0960,reused-or-discovery,DISCOVERY_REQUIRED,E-WCA-EXPANDED-20260824
MET-0961,reused-or-discovery,DISCOVERY_REQUIRED,E-WCA-EXPANDED-20260824
MET-0962,reused-or-discovery,DISCOVERY_REQUIRED,E-WCA-EXPANDED-20260824
MET-0963,reused-or-discovery,DISCOVERY_REQUIRED,E-WCA-EXPANDED-20260824
MET-0964,reused-or-discovery,DISCOVERY_REQUIRED,E-WCA-EXPANDED-20260824
MET-0965,reused-or-discovery,DISCOVERY_REQUIRED,E-WCA-EXPANDED-20260824
MET-0966,reused-or-discovery,DISCOVERY_REQUIRED,E-WCA-EXPANDED-20260824
MET-0967,reused-or-discovery,DISCOVERY_REQUIRED,E-WCA-EXPANDED-20260824
MET-0968,reused-or-discovery,DISCOVERY_REQUIRED,E-WCA-EXPANDED-20260824
MET-0969,reused-or-discovery,DISCOVERY_REQUIRED,E-WCA-EXPANDED-20260824
MET-0970,reused-or-discovery,DISCOVERY_REQUIRED,E-WCA-EXPANDED-20260824
MET-0971,reused-or-discovery,DISCOVERY_REQUIRED,E-WCA-EXPANDED-20260824
MET-0972,reused-or-discovery,DISCOVERY_REQUIRED,E-WCA-EXPANDED-20260824
MET-0973,reused-or-discovery,DISCOVERY_REQUIRED,E-WCA-EXPANDED-20260824
MET-0974,reused-or-discovery,DISCOVERY_REQUIRED,E-WCA-EXPANDED-20260824
MET-0975,reused-or-discovery,DISCOVERY_REQUIRED,E-WCA-EXPANDED-20260824
MET-0976,reused-or-discovery,DISCOVERY_REQUIRED,E-WCA-EXPANDED-20260824
MET-0977,reused-or-discovery,DISCOVERY_REQUIRED,E-WCA-EXPANDED-20260824
MET-0978,reused-or-discovery,DISCOVERY_REQUIRED,E-WCA-EXPANDED-20260824
MET-0979,reused-or-discovery,DISCOVERY_REQUIRED,E-WCA-EXPANDED-20260824
MET-0980,reused-or-discovery,DISCOVERY_REQUIRED,E-WCA-EXPANDED-20260824
MET-0981,reused-or-discovery,DISCOVERY_REQUIRED,E-WCA-EXPANDED-20260824
MET-0982,reused-or-discovery,DISCOVERY_REQUIRED,E-WCA-EXPANDED-20260824
MET-0983,reused-or-discovery,DISCOVERY_REQUIRED,E-WCA-EXPANDED-20260824
MET-0984,reused-or-discovery,DISCOVERY_REQUIRED,E-WCA-EXPANDED-20260824
MET-0985,reused-or-discovery,DISCOVERY_REQUIRED,E-WCA-EXPANDED-20260824
MET-0986,reused-or-discovery,DISCOVERY_REQUIRED,E-WCA-EXPANDED-20260824
MET-0987,reused-or-discovery,DISCOVERY_REQUIRED,E-WCA-EXPANDED-20260824
MET-0988,reused-or-discovery,DISCOVERY_REQUIRED,E-WCA-EXPANDED-20260824
MET-0989,reused-or-discovery,DISCOVERY_REQUIRED,E-WCA-EXPANDED-20260824
MET-0990,reused-or-discovery,DISCOVERY_REQUIRED,E-WCA-EXPANDED-20260824
MET-0991,reused-or-discovery,DISCOVERY_REQUIRED,E-WCA-EXPANDED-20260824
MET-0992,reused-or-discovery,DISCOVERY_REQUIRED,E-WCA-EXPANDED-20260824
MET-0993,reused-or-discovery,DISCOVERY_REQUIRED,E-WCA-EXPANDED-20260824
MET-0994,reused-or-discovery,DISCOVERY_REQUIRED,E-WCA-EXPANDED-20260824
MET-0995,reused-or-discovery,DISCOVERY_REQUIRED,E-WCA-EXPANDED-20260824
MET-0996,reused-or-discovery,DISCOVERY_REQUIRED,E-WCA-EXPANDED-20260824
MET-0997,reused-or-discovery,DISCOVERY_REQUIRED,E-WCA-EXPANDED-20260824
MET-0998,reused-or-discovery,DISCOVERY_REQUIRED,E-WCA-EXPANDED-20260824
MET-0999,reused-or-discovery,DISCOVERY_REQUIRED,E-WCA-EXPANDED-20260824
MET-1000,reused-or-discovery,DISCOVERY_REQUIRED,E-WCA-EXPANDED-20260824
MET-1001,reused-or-discovery,DISCOVERY_REQUIRED,E-WCA-EXPANDED-20260824
MET-1002,reused-or-discovery,DISCOVERY_REQUIRED,E-WCA-EXPANDED-20260824
MET-1003,reused-or-discovery,DISCOVERY_REQUIRED,E-WCA-EXPANDED-20260824
MET-1004,reused-or-discovery,DISCOVERY_REQUIRED,E-WCA-EXPANDED-20260824
MET-1005,reused-or-discovery,DISCOVERY_REQUIRED,E-WCA-EXPANDED-20260824
MET-1006,reused-or-discovery,DISCOVERY_REQUIRED,E-WCA-EXPANDED-20260824
MET-1007,reused-or-discovery,DISCOVERY_REQUIRED,E-WCA-EXPANDED-20260824
MET-1008,reused-or-discovery,DISCOVERY_REQUIRED,E-WCA-EXPANDED-20260824
MET-1009,reused-or-discovery,DISCOVERY_REQUIRED,E-WCA-EXPANDED-20260824
MET-1010,reused-or-discovery,DISCOVERY_REQUIRED,E-WCA-EXPANDED-20260824
MET-1011,reused-or-discovery,DISCOVERY_REQUIRED,E-WCA-EXPANDED-20260824
MET-1012,reused-or-discovery,DISCOVERY_REQUIRED,E-WCA-EXPANDED-20260824
MET-1013,reused-or-discovery,DISCOVERY_REQUIRED,E-WCA-EXPANDED-20260824
MET-1014,reused-or-discovery,DISCOVERY_REQUIRED,E-WCA-EXPANDED-20260824
MET-1015,reused-or-discovery,DISCOVERY_REQUIRED,E-WCA-EXPANDED-20260824
MET-1016,reused-or-discovery,DISCOVERY_REQUIRED,E-WCA-EXPANDED-20260824
MET-1017,reused-or-discovery,DISCOVERY_REQUIRED,E-WCA-EXPANDED-20260824
MET-1018,reused-or-discovery,DISCOVERY_REQUIRED,E-WCA-EXPANDED-20260824
MET-1019,reused-or-discovery,DISCOVERY_REQUIRED,E-WCA-EXPANDED-20260824
MET-1020,reused-or-discovery,DISCOVERY_REQUIRED,E-WCA-EXPANDED-20260824
MET-1021,reused-or-discovery,DISCOVERY_REQUIRED,E-WCA-EXPANDED-20260824
MET-1022,reused-or-discovery,DISCOVERY_REQUIRED,E-WCA-EXPANDED-20260824
MET-1023,reused-or-discovery,DISCOVERY_REQUIRED,E-WCA-EXPANDED-20260824
MET-1024,reused-or-discovery,DISCOVERY_REQUIRED,E-WCA-EXPANDED-20260824
MET-1025,reused-or-discovery,DISCOVERY_REQUIRED,E-WCA-EXPANDED-20260824
MET-1026,reused-or-discovery,DISCOVERY_REQUIRED,E-WCA-EXPANDED-20260824
MET-1027,reused-or-discovery,DISCOVERY_REQUIRED,E-WCA-EXPANDED-20260824
MET-1028,reused-or-discovery,DISCOVERY_REQUIRED,E-WCA-EXPANDED-20260824
MET-1029,reused-or-discovery,DISCOVERY_REQUIRED,E-WCA-EXPANDED-20260824
MET-1030,reused-or-discovery,DISCOVERY_REQUIRED,E-WCA-EXPANDED-20260824
MET-1031,reused-or-discovery,DISCOVERY_REQUIRED,E-WCA-EXPANDED-20260824
MET-1032,reused-or-discovery,DISCOVERY_REQUIRED,E-WCA-EXPANDED-20260824
MET-1033,reused-or-discovery,DISCOVERY_REQUIRED,E-WCA-EXPANDED-20260824
MET-1034,reused-or-discovery,DISCOVERY_REQUIRED,E-WCA-EXPANDED-20260824
MET-1035,reused-or-discovery,DISCOVERY_REQUIRED,E-WCA-EXPANDED-20260824
MET-1036,reused-or-discovery,DISCOVERY_REQUIRED,E-WCA-EXPANDED-20260824
MET-1037,reused-or-discovery,DISCOVERY_REQUIRED,E-WCA-EXPANDED-20260824
MET-1038,reused-or-discovery,DISCOVERY_REQUIRED,E-WCA-EXPANDED-20260824
MET-1039,reused-or-discovery,DISCOVERY_REQUIRED,E-WCA-EXPANDED-20260824
MET-1040,reused-or-discovery,DISCOVERY_REQUIRED,E-WCA-EXPANDED-20260824
MET-1041,reused-or-discovery,DISCOVERY_REQUIRED,E-WCA-EXPANDED-20260824
MET-1042,reused-or-discovery,DISCOVERY_REQUIRED,E-WCA-EXPANDED-20260824
MET-1043,reused-or-discovery,DISCOVERY_REQUIRED,E-WCA-EXPANDED-20260824
MET-1044,reused-or-discovery,DISCOVERY_REQUIRED,E-WCA-EXPANDED-20260824
MET-1045,reused-or-discovery,DISCOVERY_REQUIRED,E-WCA-EXPANDED-20260824
MET-1046,reused-or-discovery,DISCOVERY_REQUIRED,E-WCA-EXPANDED-20260824
MET-1047,reused-or-discovery,DISCOVERY_REQUIRED,E-WCA-EXPANDED-20260824
MET-1048,reused-or-discovery,DISCOVERY_REQUIRED,E-WCA-EXPANDED-20260824
MET-1049,reused-or-discovery,DISCOVERY_REQUIRED,E-WCA-EXPANDED-20260824
MET-1050,reused-or-discovery,DISCOVERY_REQUIRED,E-WCA-EXPANDED-20260824
MET-1051,reused-or-discovery,DISCOVERY_REQUIRED,E-WCA-EXPANDED-20260824
MET-1052,reused-or-discovery,DISCOVERY_REQUIRED,E-WCA-EXPANDED-20260824
MET-1053,reused-or-discovery,DISCOVERY_REQUIRED,E-WCA-EXPANDED-20260824
MET-1054,reused-or-discovery,DISCOVERY_REQUIRED,E-WCA-EXPANDED-20260824
MET-1055,reused-or-discovery,DISCOVERY_REQUIRED,E-WCA-EXPANDED-20260824
MET-1056,reused-or-discovery,DISCOVERY_REQUIRED,E-WCA-EXPANDED-20260824
MET-1057,reused-or-discovery,DISCOVERY_REQUIRED,E-WCA-EXPANDED-20260824
MET-1058,reused-or-discovery,DISCOVERY_REQUIRED,E-WCA-EXPANDED-20260824
MET-1059,reused-or-discovery,DISCOVERY_REQUIRED,E-WCA-EXPANDED-20260824
MET-1060,reused-or-discovery,DISCOVERY_REQUIRED,E-WCA-EXPANDED-20260824
MET-1061,reused-or-discovery,DISCOVERY_REQUIRED,E-WCA-EXPANDED-20260824
MET-1062,reused-or-discovery,DISCOVERY_REQUIRED,E-WCA-EXPANDED-20260824
MET-1063,reused-or-discovery,DISCOVERY_REQUIRED,E-WCA-EXPANDED-20260824
MET-1064,reused-or-discovery,DISCOVERY_REQUIRED,E-WCA-EXPANDED-20260824
MET-1065,reused-or-discovery,DISCOVERY_REQUIRED,E-WCA-EXPANDED-20260824
MET-1066,reused-or-discovery,DISCOVERY_REQUIRED,E-WCA-EXPANDED-20260824
MET-1067,reused-or-discovery,DISCOVERY_REQUIRED,E-WCA-EXPANDED-20260824
MET-1068,reused-or-discovery,DISCOVERY_REQUIRED,E-WCA-EXPANDED-20260824
MET-1069,reused-or-discovery,DISCOVERY_REQUIRED,E-WCA-EXPANDED-20260824
MET-1070,reused-or-discovery,DISCOVERY_REQUIRED,E-WCA-EXPANDED-20260824
MET-1071,reused-or-discovery,DISCOVERY_REQUIRED,E-WCA-EXPANDED-20260824
MET-1072,reused-or-discovery,DISCOVERY_REQUIRED,E-WCA-EXPANDED-20260824
MET-1073,reused-or-discovery,DISCOVERY_REQUIRED,E-WCA-EXPANDED-20260824
MET-1074,reused-or-discovery,DISCOVERY_REQUIRED,E-WCA-EXPANDED-20260824
MET-1075,reused-or-discovery,DISCOVERY_REQUIRED,E-WCA-EXPANDED-20260824
MET-1076,reused-or-discovery,DISCOVERY_REQUIRED,E-WCA-EXPANDED-20260824
MET-1077,reused-or-discovery,DISCOVERY_REQUIRED,E-WCA-EXPANDED-20260824
MET-1078,reused-or-discovery,DISCOVERY_REQUIRED,E-WCA-EXPANDED-20260824
MET-1079,reused-or-discovery,DISCOVERY_REQUIRED,E-WCA-EXPANDED-20260824
MET-1080,reused-or-discovery,DISCOVERY_REQUIRED,E-WCA-EXPANDED-20260824
MET-1081,reused-or-discovery,DISCOVERY_REQUIRED,E-WCA-EXPANDED-20260824
MET-1082,reused-or-discovery,DISCOVERY_REQUIRED,E-WCA-EXPANDED-20260824
MET-1083,reused-or-discovery,DISCOVERY_REQUIRED,E-WCA-EXPANDED-20260824
MET-1084,reused-or-discovery,DISCOVERY_REQUIRED,E-WCA-EXPANDED-20260824
MET-1085,reused-or-discovery,DISCOVERY_REQUIRED,E-WCA-EXPANDED-20260824
MET-1086,reused-or-discovery,DISCOVERY_REQUIRED,E-WCA-EXPANDED-20260824
MET-1087,reused-or-discovery,DISCOVERY_REQUIRED,E-WCA-EXPANDED-20260824
MET-1088,reused-or-discovery,DISCOVERY_REQUIRED,E-WCA-EXPANDED-20260824
MET-1089,reused-or-discovery,DISCOVERY_REQUIRED,E-WCA-EXPANDED-20260824
MET-1090,reused-or-discovery,DISCOVERY_REQUIRED,E-WCA-EXPANDED-20260824
MET-1091,reused-or-discovery,DISCOVERY_REQUIRED,E-WCA-EXPANDED-20260824
MET-1092,reused-or-discovery,DISCOVERY_REQUIRED,E-WCA-EXPANDED-20260824
MET-1093,reused-or-discovery,DISCOVERY_REQUIRED,E-WCA-EXPANDED-20260824
MET-1094,reused-or-discovery,DISCOVERY_REQUIRED,E-WCA-EXPANDED-20260824
MET-1095,reused-or-discovery,DISCOVERY_REQUIRED,E-WCA-EXPANDED-20260824
MET-1096,reused-or-discovery,DISCOVERY_REQUIRED,E-WCA-EXPANDED-20260824
MET-1097,reused-or-discovery,DISCOVERY_REQUIRED,E-WCA-EXPANDED-20260824
MET-1098,reused-or-discovery,DISCOVERY_REQUIRED,E-WCA-EXPANDED-20260824
MET-1099,reused-or-discovery,DISCOVERY_REQUIRED,E-WCA-EXPANDED-20260824
MET-1100,reused-or-discovery,DISCOVERY_REQUIRED,E-WCA-EXPANDED-20260824
MET-1101,reused-or-discovery,DISCOVERY_REQUIRED,E-WCA-EXPANDED-20260824
MET-1102,reused-or-discovery,DISCOVERY_REQUIRED,E-WCA-EXPANDED-20260824
MET-1103,reused-or-discovery,DISCOVERY_REQUIRED,E-WCA-EXPANDED-20260824
MET-1104,reused-or-discovery,DISCOVERY_REQUIRED,E-WCA-EXPANDED-20260824
MET-1105,reused-or-discovery,DISCOVERY_REQUIRED,E-WCA-EXPANDED-20260824
MET-1106,reused-or-discovery,DISCOVERY_REQUIRED,E-WCA-EXPANDED-20260824
MET-1107,reused-or-discovery,DISCOVERY_REQUIRED,E-WCA-EXPANDED-20260824
MET-1108,reused-or-discovery,DISCOVERY_REQUIRED,E-WCA-EXPANDED-20260824
MET-1109,reused-or-discovery,DISCOVERY_REQUIRED,E-WCA-EXPANDED-20260824
MET-1110,reused-or-discovery,DISCOVERY_REQUIRED,E-WCA-EXPANDED-20260824
MET-1111,reused-or-discovery,DISCOVERY_REQUIRED,E-WCA-EXPANDED-20260824
MET-1112,reused-or-discovery,DISCOVERY_REQUIRED,E-WCA-EXPANDED-20260824
MET-1113,reused-or-discovery,DISCOVERY_REQUIRED,E-WCA-EXPANDED-20260824
MET-1114,reused-or-discovery,DISCOVERY_REQUIRED,E-WCA-EXPANDED-20260824
MET-1115,reused-or-discovery,DISCOVERY_REQUIRED,E-WCA-EXPANDED-20260824
MET-1116,reused-or-discovery,DISCOVERY_REQUIRED,E-WCA-EXPANDED-20260824
MET-1117,reused-or-discovery,DISCOVERY_REQUIRED,E-WCA-EXPANDED-20260824
MET-1118,reused-or-discovery,DISCOVERY_REQUIRED,E-WCA-EXPANDED-20260824
MET-1119,reused-or-discovery,DISCOVERY_REQUIRED,E-WCA-EXPANDED-20260824
MET-1120,reused-or-discovery,DISCOVERY_REQUIRED,E-WCA-EXPANDED-20260824
MET-1121,reused-or-discovery,DISCOVERY_REQUIRED,E-WCA-EXPANDED-20260824
MET-1122,reused-or-discovery,DISCOVERY_REQUIRED,E-WCA-EXPANDED-20260824
MET-1123,reused-or-discovery,DISCOVERY_REQUIRED,E-WCA-EXPANDED-20260824
MET-1124,reused-or-discovery,DISCOVERY_REQUIRED,E-WCA-EXPANDED-20260824
MET-1125,reused-or-discovery,DISCOVERY_REQUIRED,E-WCA-EXPANDED-20260824
MET-1126,reused-or-discovery,DISCOVERY_REQUIRED,E-WCA-EXPANDED-20260824
MET-1127,reused-or-discovery,DISCOVERY_REQUIRED,E-WCA-EXPANDED-20260824
MET-1128,reused-or-discovery,DISCOVERY_REQUIRED,E-WCA-EXPANDED-20260824
MET-1129,reused-or-discovery,DISCOVERY_REQUIRED,E-WCA-EXPANDED-20260824
MET-1130,reused-or-discovery,DISCOVERY_REQUIRED,E-WCA-EXPANDED-20260824
MET-1131,reused-or-discovery,DISCOVERY_REQUIRED,E-WCA-EXPANDED-20260824
MET-1132,reused-or-discovery,DISCOVERY_REQUIRED,E-WCA-EXPANDED-20260824
MET-1133,reused-or-discovery,DISCOVERY_REQUIRED,E-WCA-EXPANDED-20260824
MET-1134,reused-or-discovery,DISCOVERY_REQUIRED,E-WCA-EXPANDED-20260824
MET-1135,reused-or-discovery,DISCOVERY_REQUIRED,E-WCA-EXPANDED-20260824
MET-1136,reused-or-discovery,DISCOVERY_REQUIRED,E-WCA-EXPANDED-20260824
MET-1137,reused-or-discovery,DISCOVERY_REQUIRED,E-WCA-EXPANDED-20260824
MET-1138,reused-or-discovery,DISCOVERY_REQUIRED,E-WCA-EXPANDED-20260824
MET-1139,reused-or-discovery,DISCOVERY_REQUIRED,E-WCA-EXPANDED-20260824
MET-1140,reused-or-discovery,DISCOVERY_REQUIRED,E-WCA-EXPANDED-20260824
MET-1141,reused-or-discovery,DISCOVERY_REQUIRED,E-WCA-EXPANDED-20260824
MET-1142,reused-or-discovery,DISCOVERY_REQUIRED,E-WCA-EXPANDED-20260824
MET-1143,reused-or-discovery,DISCOVERY_REQUIRED,E-WCA-EXPANDED-20260824
MET-1144,reused-or-discovery,DISCOVERY_REQUIRED,E-WCA-EXPANDED-20260824
MET-1145,reused-or-discovery,DISCOVERY_REQUIRED,E-WCA-EXPANDED-20260824
MET-1146,reused-or-discovery,DISCOVERY_REQUIRED,E-WCA-EXPANDED-20260824
MET-1147,reused-or-discovery,DISCOVERY_REQUIRED,E-WCA-EXPANDED-20260824
MET-1148,reused-or-discovery,DISCOVERY_REQUIRED,E-WCA-EXPANDED-20260824
MET-1149,reused-or-discovery,DISCOVERY_REQUIRED,E-WCA-EXPANDED-20260824
MET-1150,reused-or-discovery,DISCOVERY_REQUIRED,E-WCA-EXPANDED-20260824
MET-1151,reused-or-discovery,DISCOVERY_REQUIRED,E-WCA-EXPANDED-20260824
MET-1152,reused-or-discovery,DISCOVERY_REQUIRED,E-WCA-EXPANDED-20260824
MET-1153,reused-or-discovery,DISCOVERY_REQUIRED,E-WCA-EXPANDED-20260824
MET-1154,reused-or-discovery,DISCOVERY_REQUIRED,E-WCA-EXPANDED-20260824
MET-1155,reused-or-discovery,DISCOVERY_REQUIRED,E-WCA-EXPANDED-20260824
MET-1156,reused-or-discovery,DISCOVERY_REQUIRED,E-WCA-EXPANDED-20260824
MET-1157,reused-or-discovery,DISCOVERY_REQUIRED,E-WCA-EXPANDED-20260824
MET-1158,reused-or-discovery,DISCOVERY_REQUIRED,E-WCA-EXPANDED-20260824
MET-1159,reused-or-discovery,DISCOVERY_REQUIRED,E-WCA-EXPANDED-20260824
MET-1160,reused-or-discovery,DISCOVERY_REQUIRED,E-WCA-EXPANDED-20260824
MET-1161,reused-or-discovery,DISCOVERY_REQUIRED,E-WCA-EXPANDED-20260824
MET-1162,reused-or-discovery,DISCOVERY_REQUIRED,E-WCA-EXPANDED-20260824
MET-1163,reused-or-discovery,DISCOVERY_REQUIRED,E-WCA-EXPANDED-20260824
MET-1164,reused-or-discovery,DISCOVERY_REQUIRED,E-WCA-EXPANDED-20260824
MET-1165,reused-or-discovery,DISCOVERY_REQUIRED,E-WCA-EXPANDED-20260824
MET-1166,reused-or-discovery,DISCOVERY_REQUIRED,E-WCA-EXPANDED-20260824
MET-1167,reused-or-discovery,DISCOVERY_REQUIRED,E-WCA-EXPANDED-20260824
MET-1168,reused-or-discovery,DISCOVERY_REQUIRED,E-WCA-EXPANDED-20260824
MET-1169,reused-or-discovery,DISCOVERY_REQUIRED,E-WCA-EXPANDED-20260824
MET-1170,reused-or-discovery,DISCOVERY_REQUIRED,E-WCA-EXPANDED-20260824
MET-1171,reused-or-discovery,DISCOVERY_REQUIRED,E-WCA-EXPANDED-20260824
MET-1172,reused-or-discovery,DISCOVERY_REQUIRED,E-WCA-EXPANDED-20260824
MET-1173,reused-or-discovery,DISCOVERY_REQUIRED,E-WCA-EXPANDED-20260824
MET-1174,reused-or-discovery,DISCOVERY_REQUIRED,E-WCA-EXPANDED-20260824
MET-1175,reused-or-discovery,DISCOVERY_REQUIRED,E-WCA-EXPANDED-20260824
MET-1176,reused-or-discovery,DISCOVERY_REQUIRED,E-WCA-EXPANDED-20260824
MET-1177,reused-or-discovery,DISCOVERY_REQUIRED,E-WCA-EXPANDED-20260824
MET-1178,reused-or-discovery,DISCOVERY_REQUIRED,E-WCA-EXPANDED-20260824
MET-1179,reused-or-discovery,DISCOVERY_REQUIRED,E-WCA-EXPANDED-20260824
MET-1180,reused-or-discovery,DISCOVERY_REQUIRED,E-WCA-EXPANDED-20260824
MET-1181,reused-or-discovery,DISCOVERY_REQUIRED,E-WCA-EXPANDED-20260824
MET-1182,reused-or-discovery,DISCOVERY_REQUIRED,E-WCA-EXPANDED-20260824
MET-1183,reused-or-discovery,DISCOVERY_REQUIRED,E-WCA-EXPANDED-20260824
MET-1184,reused-or-discovery,DISCOVERY_REQUIRED,E-WCA-EXPANDED-20260824
MET-1185,reused-or-discovery,DISCOVERY_REQUIRED,E-WCA-EXPANDED-20260824
MET-1186,reused-or-discovery,DISCOVERY_REQUIRED,E-WCA-EXPANDED-20260824
MET-1187,reused-or-discovery,DISCOVERY_REQUIRED,E-WCA-EXPANDED-20260824
MET-1188,reused-or-discovery,DISCOVERY_REQUIRED,E-WCA-EXPANDED-20260824
MET-1189,reused-or-discovery,DISCOVERY_REQUIRED,E-WCA-EXPANDED-20260824
MET-1190,reused-or-discovery,DISCOVERY_REQUIRED,E-WCA-EXPANDED-20260824
MET-1191,reused-or-discovery,DISCOVERY_REQUIRED,E-WCA-EXPANDED-20260824
MET-1192,reused-or-discovery,DISCOVERY_REQUIRED,E-WCA-EXPANDED-20260824
MET-1193,reused-or-discovery,DISCOVERY_REQUIRED,E-WCA-EXPANDED-20260824
MET-1194,reused-or-discovery,DISCOVERY_REQUIRED,E-WCA-EXPANDED-20260824
MET-1195,reused-or-discovery,DISCOVERY_REQUIRED,E-WCA-EXPANDED-20260824
MET-1196,reused-or-discovery,DISCOVERY_REQUIRED,E-WCA-EXPANDED-20260824
MET-1197,reused-or-discovery,DISCOVERY_REQUIRED,E-WCA-EXPANDED-20260824
MET-1198,reused-or-discovery,DISCOVERY_REQUIRED,E-WCA-EXPANDED-20260824
MET-1199,reused-or-discovery,DISCOVERY_REQUIRED,E-WCA-EXPANDED-20260824
MET-1200,reused-or-discovery,DISCOVERY_REQUIRED,E-WCA-EXPANDED-20260824
MET-1201,reused-or-discovery,DISCOVERY_REQUIRED,E-WCA-EXPANDED-20260824
MET-1202,reused-or-discovery,DISCOVERY_REQUIRED,E-WCA-EXPANDED-20260824
MET-1203,reused-or-discovery,DISCOVERY_REQUIRED,E-WCA-EXPANDED-20260824
MET-1204,reused-or-discovery,DISCOVERY_REQUIRED,E-WCA-EXPANDED-20260824
MET-1205,reused-or-discovery,DISCOVERY_REQUIRED,E-WCA-EXPANDED-20260824
MET-1206,reused-or-discovery,DISCOVERY_REQUIRED,E-WCA-EXPANDED-20260824
MET-1207,reused-or-discovery,DISCOVERY_REQUIRED,E-WCA-EXPANDED-20260824
MET-1208,reused-or-discovery,DISCOVERY_REQUIRED,E-WCA-EXPANDED-20260824
MET-1209,reused-or-discovery,DISCOVERY_REQUIRED,E-WCA-EXPANDED-20260824
MET-1210,reused-or-discovery,DISCOVERY_REQUIRED,E-WCA-EXPANDED-20260824
MET-1211,reused-or-discovery,DISCOVERY_REQUIRED,E-WCA-EXPANDED-20260824
MET-1212,reused-or-discovery,DISCOVERY_REQUIRED,E-WCA-EXPANDED-20260824
MET-1213,reused-or-discovery,DISCOVERY_REQUIRED,E-WCA-EXPANDED-20260824
MET-1214,reused-or-discovery,DISCOVERY_REQUIRED,E-WCA-EXPANDED-20260824
MET-1215,reused-or-discovery,DISCOVERY_REQUIRED,E-WCA-EXPANDED-20260824
MET-1216,reused-or-discovery,DISCOVERY_REQUIRED,E-WCA-EXPANDED-20260824
MET-1217,reused-or-discovery,DISCOVERY_REQUIRED,E-WCA-EXPANDED-20260824
MET-1218,reused-or-discovery,DISCOVERY_REQUIRED,E-WCA-EXPANDED-20260824
MET-1219,reused-or-discovery,DISCOVERY_REQUIRED,E-WCA-EXPANDED-20260824
MET-1220,reused-or-discovery,DISCOVERY_REQUIRED,E-WCA-EXPANDED-20260824
MET-1221,reused-or-discovery,DISCOVERY_REQUIRED,E-WCA-EXPANDED-20260824
MET-1222,reused-or-discovery,DISCOVERY_REQUIRED,E-WCA-EXPANDED-20260824
MET-1223,reused-or-discovery,DISCOVERY_REQUIRED,E-WCA-EXPANDED-20260824
MET-1224,reused-or-discovery,DISCOVERY_REQUIRED,E-WCA-EXPANDED-20260824
MET-1225,reused-or-discovery,DISCOVERY_REQUIRED,E-WCA-EXPANDED-20260824
MET-1226,reused-or-discovery,DISCOVERY_REQUIRED,E-WCA-EXPANDED-20260824
MET-1227,reused-or-discovery,DISCOVERY_REQUIRED,E-WCA-EXPANDED-20260824
MET-1228,reused-or-discovery,DISCOVERY_REQUIRED,E-WCA-EXPANDED-20260824
MET-1229,reused-or-discovery,DISCOVERY_REQUIRED,E-WCA-EXPANDED-20260824
MET-1230,reused-or-discovery,DISCOVERY_REQUIRED,E-WCA-EXPANDED-20260824
MET-1231,reused-or-discovery,DISCOVERY_REQUIRED,E-WCA-EXPANDED-20260824
MET-1232,reused-or-discovery,DISCOVERY_REQUIRED,E-WCA-EXPANDED-20260824
MET-1233,reused-or-discovery,DISCOVERY_REQUIRED,E-WCA-EXPANDED-20260824
MET-1234,reused-or-discovery,DISCOVERY_REQUIRED,E-WCA-EXPANDED-20260824
MET-1235,reused-or-discovery,DISCOVERY_REQUIRED,E-WCA-EXPANDED-20260824
MET-1236,reused-or-discovery,DISCOVERY_REQUIRED,E-WCA-EXPANDED-20260824
MET-1237,reused-or-discovery,DISCOVERY_REQUIRED,E-WCA-EXPANDED-20260824
MET-1238,reused-or-discovery,DISCOVERY_REQUIRED,E-WCA-EXPANDED-20260824
MET-1239,reused-or-discovery,DISCOVERY_REQUIRED,E-WCA-EXPANDED-20260824
MET-1240,reused-or-discovery,DISCOVERY_REQUIRED,E-WCA-EXPANDED-20260824
MET-1241,reused-or-discovery,DISCOVERY_REQUIRED,E-WCA-EXPANDED-20260824
MET-1242,reused-or-discovery,DISCOVERY_REQUIRED,E-WCA-EXPANDED-20260824
MET-1243,reused-or-discovery,DISCOVERY_REQUIRED,E-WCA-EXPANDED-20260824
MET-1244,reused-or-discovery,DISCOVERY_REQUIRED,E-WCA-EXPANDED-20260824
MET-1245,reused-or-discovery,DISCOVERY_REQUIRED,E-WCA-EXPANDED-20260824
MET-1246,reused-or-discovery,DISCOVERY_REQUIRED,E-WCA-EXPANDED-20260824
MET-1247,reused-or-discovery,DISCOVERY_REQUIRED,E-WCA-EXPANDED-20260824
MET-1248,reused-or-discovery,DISCOVERY_REQUIRED,E-WCA-EXPANDED-20260824
MET-1249,reused-or-discovery,DISCOVERY_REQUIRED,E-WCA-EXPANDED-20260824
MET-1250,reused-or-discovery,DISCOVERY_REQUIRED,E-WCA-EXPANDED-20260824
MET-1251,reused-or-discovery,DISCOVERY_REQUIRED,E-WCA-EXPANDED-20260824
MET-1252,reused-or-discovery,DISCOVERY_REQUIRED,E-WCA-EXPANDED-20260824
MET-1253,reused-or-discovery,DISCOVERY_REQUIRED,E-WCA-EXPANDED-20260824
MET-1254,reused-or-discovery,DISCOVERY_REQUIRED,E-WCA-EXPANDED-20260824
MET-1255,reused-or-discovery,DISCOVERY_REQUIRED,E-WCA-EXPANDED-20260824
MET-1256,reused-or-discovery,DISCOVERY_REQUIRED,E-WCA-EXPANDED-20260824
MET-1257,reused-or-discovery,DISCOVERY_REQUIRED,E-WCA-EXPANDED-20260824
MET-1258,reused-or-discovery,DISCOVERY_REQUIRED,E-WCA-EXPANDED-20260824
MET-1259,reused-or-discovery,DISCOVERY_REQUIRED,E-WCA-EXPANDED-20260824
MET-1260,reused-or-discovery,DISCOVERY_REQUIRED,E-WCA-EXPANDED-20260824
MET-1261,reused-or-discovery,DISCOVERY_REQUIRED,E-WCA-EXPANDED-20260824
MET-1262,reused-or-discovery,DISCOVERY_REQUIRED,E-WCA-EXPANDED-20260824
MET-1263,reused-or-discovery,DISCOVERY_REQUIRED,E-WCA-EXPANDED-20260824
MET-1264,reused-or-discovery,DISCOVERY_REQUIRED,E-WCA-EXPANDED-20260824
MET-1265,reused-or-discovery,DISCOVERY_REQUIRED,E-WCA-EXPANDED-20260824
MET-1266,reused-or-discovery,DISCOVERY_REQUIRED,E-WCA-EXPANDED-20260824
MET-1267,reused-or-discovery,DISCOVERY_REQUIRED,E-WCA-EXPANDED-20260824
MET-1268,reused-or-discovery,DISCOVERY_REQUIRED,E-WCA-EXPANDED-20260824
MET-1269,reused-or-discovery,DISCOVERY_REQUIRED,E-WCA-EXPANDED-20260824
MET-1270,reused-or-discovery,DISCOVERY_REQUIRED,E-WCA-EXPANDED-20260824
MET-1271,reused-or-discovery,DISCOVERY_REQUIRED,E-WCA-EXPANDED-20260824
MET-1272,reused-or-discovery,DISCOVERY_REQUIRED,E-WCA-EXPANDED-20260824
MET-1273,reused-or-discovery,DISCOVERY_REQUIRED,E-WCA-EXPANDED-20260824
MET-1274,reused-or-discovery,DISCOVERY_REQUIRED,E-WCA-EXPANDED-20260824
MET-1275,reused-or-discovery,DISCOVERY_REQUIRED,E-WCA-EXPANDED-20260824
MET-1276,reused-or-discovery,DISCOVERY_REQUIRED,E-WCA-EXPANDED-20260824
MET-1277,reused-or-discovery,DISCOVERY_REQUIRED,E-WCA-EXPANDED-20260824
MET-1278,reused-or-discovery,DISCOVERY_REQUIRED,E-WCA-EXPANDED-20260824
MET-1279,reused-or-discovery,DISCOVERY_REQUIRED,E-WCA-EXPANDED-20260824
MET-1280,reused-or-discovery,DISCOVERY_REQUIRED,E-WCA-EXPANDED-20260824
MET-1281,reused-or-discovery,DISCOVERY_REQUIRED,E-WCA-EXPANDED-20260824
MET-1282,reused-or-discovery,DISCOVERY_REQUIRED,E-WCA-EXPANDED-20260824
MET-1283,reused-or-discovery,DISCOVERY_REQUIRED,E-WCA-EXPANDED-20260824
MET-1284,reused-or-discovery,DISCOVERY_REQUIRED,E-WCA-EXPANDED-20260824
MET-1285,reused-or-discovery,DISCOVERY_REQUIRED,E-WCA-EXPANDED-20260824
MET-1286,reused-or-discovery,DISCOVERY_REQUIRED,E-WCA-EXPANDED-20260824
MET-1287,reused-or-discovery,DISCOVERY_REQUIRED,E-WCA-EXPANDED-20260824
MET-1288,reused-or-discovery,DISCOVERY_REQUIRED,E-WCA-EXPANDED-20260824
MET-1289,reused-or-discovery,DISCOVERY_REQUIRED,E-WCA-EXPANDED-20260824
MET-1290,reused-or-discovery,DISCOVERY_REQUIRED,E-WCA-EXPANDED-20260824
MET-1291,reused-or-discovery,DISCOVERY_REQUIRED,E-WCA-EXPANDED-20260824
MET-1292,reused-or-discovery,DISCOVERY_REQUIRED,E-WCA-EXPANDED-20260824
MET-1293,reused-or-discovery,DISCOVERY_REQUIRED,E-WCA-EXPANDED-20260824
MET-1294,reused-or-discovery,DISCOVERY_REQUIRED,E-WCA-EXPANDED-20260824
MET-1295,reused-or-discovery,DISCOVERY_REQUIRED,E-WCA-EXPANDED-20260824
MET-1296,reused-or-discovery,DISCOVERY_REQUIRED,E-WCA-EXPANDED-20260824
MET-1297,reused-or-discovery,DISCOVERY_REQUIRED,E-WCA-EXPANDED-20260824
MET-1298,reused-or-discovery,DISCOVERY_REQUIRED,E-WCA-EXPANDED-20260824
MET-1299,reused-or-discovery,DISCOVERY_REQUIRED,E-WCA-EXPANDED-20260824
MET-1300,reused-or-discovery,DISCOVERY_REQUIRED,E-WCA-EXPANDED-20260824
MET-1301,reused-or-discovery,DISCOVERY_REQUIRED,E-WCA-EXPANDED-20260824
MET-1302,reused-or-discovery,DISCOVERY_REQUIRED,E-WCA-EXPANDED-20260824
MET-1303,reused-or-discovery,DISCOVERY_REQUIRED,E-WCA-EXPANDED-20260824
MET-1304,reused-or-discovery,DISCOVERY_REQUIRED,E-WCA-EXPANDED-20260824
MET-1305,reused-or-discovery,DISCOVERY_REQUIRED,E-WCA-EXPANDED-20260824
MET-1306,reused-or-discovery,DISCOVERY_REQUIRED,E-WCA-EXPANDED-20260824
MET-1307,reused-or-discovery,DISCOVERY_REQUIRED,E-WCA-EXPANDED-20260824
MET-1308,reused-or-discovery,DISCOVERY_REQUIRED,E-WCA-EXPANDED-20260824
MET-1309,reused-or-discovery,DISCOVERY_REQUIRED,E-WCA-EXPANDED-20260824
MET-1310,reused-or-discovery,DISCOVERY_REQUIRED,E-WCA-EXPANDED-20260824
MET-1311,reused-or-discovery,DISCOVERY_REQUIRED,E-WCA-EXPANDED-20260824
MET-1312,reused-or-discovery,DISCOVERY_REQUIRED,E-WCA-EXPANDED-20260824
MET-1313,reused-or-discovery,DISCOVERY_REQUIRED,E-WCA-EXPANDED-20260824
MET-1314,reused-or-discovery,DISCOVERY_REQUIRED,E-WCA-EXPANDED-20260824
MET-1315,reused-or-discovery,DISCOVERY_REQUIRED,E-WCA-EXPANDED-20260824
MET-1316,reused-or-discovery,DISCOVERY_REQUIRED,E-WCA-EXPANDED-20260824
MET-1317,reused-or-discovery,DISCOVERY_REQUIRED,E-WCA-EXPANDED-20260824
MET-1318,reused-or-discovery,DISCOVERY_REQUIRED,E-WCA-EXPANDED-20260824
MET-1319,reused-or-discovery,DISCOVERY_REQUIRED,E-WCA-EXPANDED-20260824
MET-1320,reused-or-discovery,DISCOVERY_REQUIRED,E-WCA-EXPANDED-20260824
MET-1321,reused-or-discovery,DISCOVERY_REQUIRED,E-WCA-EXPANDED-20260824
MET-1322,reused-or-discovery,DISCOVERY_REQUIRED,E-WCA-EXPANDED-20260824
MET-1323,reused-or-discovery,DISCOVERY_REQUIRED,E-WCA-EXPANDED-20260824
MET-1324,reused-or-discovery,DISCOVERY_REQUIRED,E-WCA-EXPANDED-20260824
MET-1325,reused-or-discovery,DISCOVERY_REQUIRED,E-WCA-EXPANDED-20260824
MET-1326,reused-or-discovery,DISCOVERY_REQUIRED,E-WCA-EXPANDED-20260824
MET-1327,reused-or-discovery,DISCOVERY_REQUIRED,E-WCA-EXPANDED-20260824
MET-1328,reused-or-discovery,DISCOVERY_REQUIRED,E-WCA-EXPANDED-20260824
MET-1329,reused-or-discovery,DISCOVERY_REQUIRED,E-WCA-EXPANDED-20260824
MET-1330,reused-or-discovery,DISCOVERY_REQUIRED,E-WCA-EXPANDED-20260824
MET-1331,reused-or-discovery,DISCOVERY_REQUIRED,E-WCA-EXPANDED-20260824
MET-1332,reused-or-discovery,DISCOVERY_REQUIRED,E-WCA-EXPANDED-20260824
MET-1333,reused-or-discovery,DISCOVERY_REQUIRED,E-WCA-EXPANDED-20260824
MET-1334,reused-or-discovery,DISCOVERY_REQUIRED,E-WCA-EXPANDED-20260824
MET-1335,reused-or-discovery,DISCOVERY_REQUIRED,E-WCA-EXPANDED-20260824
MET-1336,reused-or-discovery,DISCOVERY_REQUIRED,E-WCA-EXPANDED-20260824
MET-1337,reused-or-discovery,DISCOVERY_REQUIRED,E-WCA-EXPANDED-20260824
MET-1338,reused-or-discovery,DISCOVERY_REQUIRED,E-WCA-EXPANDED-20260824
MET-1339,reused-or-discovery,DISCOVERY_REQUIRED,E-WCA-EXPANDED-20260824
MET-1340,reused-or-discovery,DISCOVERY_REQUIRED,E-WCA-EXPANDED-20260824
MET-1341,reused-or-discovery,DISCOVERY_REQUIRED,E-WCA-EXPANDED-20260824
MET-1342,reused-or-discovery,DISCOVERY_REQUIRED,E-WCA-EXPANDED-20260824
MET-1343,reused-or-discovery,DISCOVERY_REQUIRED,E-WCA-EXPANDED-20260824
MET-1344,reused-or-discovery,DISCOVERY_REQUIRED,E-WCA-EXPANDED-20260824
MET-1345,reused-or-discovery,DISCOVERY_REQUIRED,E-WCA-EXPANDED-20260824
MET-1346,reused-or-discovery,DISCOVERY_REQUIRED,E-WCA-EXPANDED-20260824
MET-1347,reused-or-discovery,DISCOVERY_REQUIRED,E-WCA-EXPANDED-20260824
MET-1348,reused-or-discovery,DISCOVERY_REQUIRED,E-WCA-EXPANDED-20260824
MET-1349,reused-or-discovery,DISCOVERY_REQUIRED,E-WCA-EXPANDED-20260824
MET-1350,reused-or-discovery,DISCOVERY_REQUIRED,E-WCA-EXPANDED-20260824
MET-1351,reused-or-discovery,DISCOVERY_REQUIRED,E-WCA-EXPANDED-20260824
MET-1352,reused-or-discovery,DISCOVERY_REQUIRED,E-WCA-EXPANDED-20260824
MET-1353,reused-or-discovery,DISCOVERY_REQUIRED,E-WCA-EXPANDED-20260824
MET-1354,reused-or-discovery,DISCOVERY_REQUIRED,E-WCA-EXPANDED-20260824
MET-1355,reused-or-discovery,DISCOVERY_REQUIRED,E-WCA-EXPANDED-20260824
MET-1356,reused-or-discovery,DISCOVERY_REQUIRED,E-WCA-EXPANDED-20260824
MET-1357,reused-or-discovery,DISCOVERY_REQUIRED,E-WCA-EXPANDED-20260824
MET-1358,reused-or-discovery,DISCOVERY_REQUIRED,E-WCA-EXPANDED-20260824
MET-1359,reused-or-discovery,DISCOVERY_REQUIRED,E-WCA-EXPANDED-20260824
MET-1360,reused-or-discovery,DISCOVERY_REQUIRED,E-WCA-EXPANDED-20260824
MET-1361,reused-or-discovery,DISCOVERY_REQUIRED,E-WCA-EXPANDED-20260824
MET-1362,reused-or-discovery,DISCOVERY_REQUIRED,E-WCA-EXPANDED-20260824
MET-1363,reused-or-discovery,DISCOVERY_REQUIRED,E-WCA-EXPANDED-20260824
MET-1364,reused-or-discovery,DISCOVERY_REQUIRED,E-WCA-EXPANDED-20260824
MET-1365,reused-or-discovery,DISCOVERY_REQUIRED,E-WCA-EXPANDED-20260824
MET-1366,reused-or-discovery,DISCOVERY_REQUIRED,E-WCA-EXPANDED-20260824
MET-1367,reused-or-discovery,DISCOVERY_REQUIRED,E-WCA-EXPANDED-20260824
MET-1368,reused-or-discovery,DISCOVERY_REQUIRED,E-WCA-EXPANDED-20260824
MET-1369,reused-or-discovery,DISCOVERY_REQUIRED,E-WCA-EXPANDED-20260824
MET-1370,reused-or-discovery,DISCOVERY_REQUIRED,E-WCA-EXPANDED-20260824
MET-1371,reused-or-discovery,DISCOVERY_REQUIRED,E-WCA-EXPANDED-20260824
MET-1372,reused-or-discovery,DISCOVERY_REQUIRED,E-WCA-EXPANDED-20260824
MET-1373,reused-or-discovery,DISCOVERY_REQUIRED,E-WCA-EXPANDED-20260824
MET-1374,reused-or-discovery,DISCOVERY_REQUIRED,E-WCA-EXPANDED-20260824
MET-1375,reused-or-discovery,DISCOVERY_REQUIRED,E-WCA-EXPANDED-20260824
MET-1376,reused-or-discovery,DISCOVERY_REQUIRED,E-WCA-EXPANDED-20260824
MET-1377,reused-or-discovery,DISCOVERY_REQUIRED,E-WCA-EXPANDED-20260824
MET-1378,reused-or-discovery,DISCOVERY_REQUIRED,E-WCA-EXPANDED-20260824
MET-1379,reused-or-discovery,DISCOVERY_REQUIRED,E-WCA-EXPANDED-20260824
MET-1380,reused-or-discovery,DISCOVERY_REQUIRED,E-WCA-EXPANDED-20260824
MET-1381,reused-or-discovery,DISCOVERY_REQUIRED,E-WCA-EXPANDED-20260824
MET-1382,reused-or-discovery,DISCOVERY_REQUIRED,E-WCA-EXPANDED-20260824
MET-1383,reused-or-discovery,DISCOVERY_REQUIRED,E-WCA-EXPANDED-20260824
MET-1384,reused-or-discovery,DISCOVERY_REQUIRED,E-WCA-EXPANDED-20260824
MET-1385,reused-or-discovery,DISCOVERY_REQUIRED,E-WCA-EXPANDED-20260824
MET-1386,reused-or-discovery,DISCOVERY_REQUIRED,E-WCA-EXPANDED-20260824
MET-1387,reused-or-discovery,DISCOVERY_REQUIRED,E-WCA-EXPANDED-20260824
MET-1388,reused-or-discovery,DISCOVERY_REQUIRED,E-WCA-EXPANDED-20260824
MET-1389,reused-or-discovery,DISCOVERY_REQUIRED,E-WCA-EXPANDED-20260824
MET-1390,reused-or-discovery,DISCOVERY_REQUIRED,E-WCA-EXPANDED-20260824
MET-1391,reused-or-discovery,DISCOVERY_REQUIRED,E-WCA-EXPANDED-20260824
MET-1392,reused-or-discovery,DISCOVERY_REQUIRED,E-WCA-EXPANDED-20260824
MET-1393,reused-or-discovery,DISCOVERY_REQUIRED,E-WCA-EXPANDED-20260824
MET-1394,reused-or-discovery,DISCOVERY_REQUIRED,E-WCA-EXPANDED-20260824
MET-1395,reused-or-discovery,DISCOVERY_REQUIRED,E-WCA-EXPANDED-20260824
MET-1396,reused-or-discovery,DISCOVERY_REQUIRED,E-WCA-EXPANDED-20260824
MET-1397,reused-or-discovery,DISCOVERY_REQUIRED,E-WCA-EXPANDED-20260824
MET-1398,reused-or-discovery,DISCOVERY_REQUIRED,E-WCA-EXPANDED-20260824
MET-1399,reused-or-discovery,DISCOVERY_REQUIRED,E-WCA-EXPANDED-20260824
MET-1400,reused-or-discovery,DISCOVERY_REQUIRED,E-WCA-EXPANDED-20260824
MET-1401,reused-or-discovery,DISCOVERY_REQUIRED,E-WCA-EXPANDED-20260824
MET-1402,reused-or-discovery,DISCOVERY_REQUIRED,E-WCA-EXPANDED-20260824
MET-1403,reused-or-discovery,DISCOVERY_REQUIRED,E-WCA-EXPANDED-20260824
MET-1404,reused-or-discovery,DISCOVERY_REQUIRED,E-WCA-EXPANDED-20260824
MET-1405,reused-or-discovery,DISCOVERY_REQUIRED,E-WCA-EXPANDED-20260824
MET-1406,reused-or-discovery,DISCOVERY_REQUIRED,E-WCA-EXPANDED-20260824
MET-1407,reused-or-discovery,DISCOVERY_REQUIRED,E-WCA-EXPANDED-20260824
MET-1408,reused-or-discovery,DISCOVERY_REQUIRED,E-WCA-EXPANDED-20260824
MET-1409,reused-or-discovery,DISCOVERY_REQUIRED,E-WCA-EXPANDED-20260824
MET-1410,reused-or-discovery,DISCOVERY_REQUIRED,E-WCA-EXPANDED-20260824
MET-1411,reused-or-discovery,DISCOVERY_REQUIRED,E-WCA-EXPANDED-20260824
MET-1412,reused-or-discovery,DISCOVERY_REQUIRED,E-WCA-EXPANDED-20260824
MET-1413,reused-or-discovery,DISCOVERY_REQUIRED,E-WCA-EXPANDED-20260824
MET-1414,reused-or-discovery,DISCOVERY_REQUIRED,E-WCA-EXPANDED-20260824
MET-1415,reused-or-discovery,DISCOVERY_REQUIRED,E-WCA-EXPANDED-20260824
MET-1416,reused-or-discovery,DISCOVERY_REQUIRED,E-WCA-EXPANDED-20260824
MET-1417,reused-or-discovery,DISCOVERY_REQUIRED,E-WCA-EXPANDED-20260824
MET-1418,reused-or-discovery,DISCOVERY_REQUIRED,E-WCA-EXPANDED-20260824
MET-1419,reused-or-discovery,DISCOVERY_REQUIRED,E-WCA-EXPANDED-20260824
MET-1420,reused-or-discovery,DISCOVERY_REQUIRED,E-WCA-EXPANDED-20260824
MET-1421,reused-or-discovery,DISCOVERY_REQUIRED,E-WCA-EXPANDED-20260824
MET-1422,reused-or-discovery,DISCOVERY_REQUIRED,E-WCA-EXPANDED-20260824
MET-1423,reused-or-discovery,DISCOVERY_REQUIRED,E-WCA-EXPANDED-20260824
MET-1424,reused-or-discovery,DISCOVERY_REQUIRED,E-WCA-EXPANDED-20260824
MET-1425,reused-or-discovery,DISCOVERY_REQUIRED,E-WCA-EXPANDED-20260824
MET-1426,reused-or-discovery,DISCOVERY_REQUIRED,E-WCA-EXPANDED-20260824
MET-1427,reused-or-discovery,DISCOVERY_REQUIRED,E-WCA-EXPANDED-20260824
MET-1428,reused-or-discovery,DISCOVERY_REQUIRED,E-WCA-EXPANDED-20260824
MET-1429,reused-or-discovery,DISCOVERY_REQUIRED,E-WCA-EXPANDED-20260824
MET-1430,reused-or-discovery,DISCOVERY_REQUIRED,E-WCA-EXPANDED-20260824
MET-1431,reused-or-discovery,DISCOVERY_REQUIRED,E-WCA-EXPANDED-20260824
MET-1432,reused-or-discovery,DISCOVERY_REQUIRED,E-WCA-EXPANDED-20260824
MET-1433,reused-or-discovery,DISCOVERY_REQUIRED,E-WCA-EXPANDED-20260824
MET-1434,reused-or-discovery,DISCOVERY_REQUIRED,E-WCA-EXPANDED-20260824
MET-1435,reused-or-discovery,DISCOVERY_REQUIRED,E-WCA-EXPANDED-20260824
MET-1436,reused-or-discovery,DISCOVERY_REQUIRED,E-WCA-EXPANDED-20260824
MET-1437,reused-or-discovery,DISCOVERY_REQUIRED,E-WCA-EXPANDED-20260824
MET-1438,reused-or-discovery,DISCOVERY_REQUIRED,E-WCA-EXPANDED-20260824
MET-1439,reused-or-discovery,DISCOVERY_REQUIRED,E-WCA-EXPANDED-20260824
MET-1440,reused-or-discovery,DISCOVERY_REQUIRED,E-WCA-EXPANDED-20260824
MET-1441,reused-or-discovery,DISCOVERY_REQUIRED,E-WCA-EXPANDED-20260824
MET-1442,reused-or-discovery,DISCOVERY_REQUIRED,E-WCA-EXPANDED-20260824
MET-1443,reused-or-discovery,DISCOVERY_REQUIRED,E-WCA-EXPANDED-20260824
MET-1444,reused-or-discovery,DISCOVERY_REQUIRED,E-WCA-EXPANDED-20260824
MET-1445,reused-or-discovery,DISCOVERY_REQUIRED,E-WCA-EXPANDED-20260824
MET-1446,reused-or-discovery,DISCOVERY_REQUIRED,E-WCA-EXPANDED-20260824
MET-1447,reused-or-discovery,DISCOVERY_REQUIRED,E-WCA-EXPANDED-20260824
MET-1448,reused-or-discovery,DISCOVERY_REQUIRED,E-WCA-EXPANDED-20260824
MET-1449,reused-or-discovery,DISCOVERY_REQUIRED,E-WCA-EXPANDED-20260824
MET-1450,reused-or-discovery,DISCOVERY_REQUIRED,E-WCA-EXPANDED-20260824
MET-1451,reused-or-discovery,DISCOVERY_REQUIRED,E-WCA-EXPANDED-20260824
MET-1452,reused-or-discovery,DISCOVERY_REQUIRED,E-WCA-EXPANDED-20260824
MET-1453,reused-or-discovery,DISCOVERY_REQUIRED,E-WCA-EXPANDED-20260824
MET-1454,reused-or-discovery,DISCOVERY_REQUIRED,E-WCA-EXPANDED-20260824
MET-1455,reused-or-discovery,DISCOVERY_REQUIRED,E-WCA-EXPANDED-20260824
MET-1456,reused-or-discovery,DISCOVERY_REQUIRED,E-WCA-EXPANDED-20260824
MET-1457,reused-or-discovery,DISCOVERY_REQUIRED,E-WCA-EXPANDED-20260824
MET-1458,reused-or-discovery,DISCOVERY_REQUIRED,E-WCA-EXPANDED-20260824
MET-1459,reused-or-discovery,DISCOVERY_REQUIRED,E-WCA-EXPANDED-20260824
MET-1460,reused-or-discovery,DISCOVERY_REQUIRED,E-WCA-EXPANDED-20260824
MET-1461,reused-or-discovery,DISCOVERY_REQUIRED,E-WCA-EXPANDED-20260824
MET-1462,reused-or-discovery,DISCOVERY_REQUIRED,E-WCA-EXPANDED-20260824
MET-1463,reused-or-discovery,DISCOVERY_REQUIRED,E-WCA-EXPANDED-20260824
MET-1464,reused-or-discovery,DISCOVERY_REQUIRED,E-WCA-EXPANDED-20260824
MET-1465,reused-or-discovery,DISCOVERY_REQUIRED,E-WCA-EXPANDED-20260824
MET-1466,reused-or-discovery,DISCOVERY_REQUIRED,E-WCA-EXPANDED-20260824
MET-1467,reused-or-discovery,DISCOVERY_REQUIRED,E-WCA-EXPANDED-20260824
MET-1468,reused-or-discovery,DISCOVERY_REQUIRED,E-WCA-EXPANDED-20260824
MET-1469,reused-or-discovery,DISCOVERY_REQUIRED,E-WCA-EXPANDED-20260824
MET-1470,reused-or-discovery,DISCOVERY_REQUIRED,E-WCA-EXPANDED-20260824
MET-1471,reused-or-discovery,DISCOVERY_REQUIRED,E-WCA-EXPANDED-20260824
MET-1472,reused-or-discovery,DISCOVERY_REQUIRED,E-WCA-EXPANDED-20260824
MET-1473,reused-or-discovery,DISCOVERY_REQUIRED,E-WCA-EXPANDED-20260824
MET-1474,reused-or-discovery,DISCOVERY_REQUIRED,E-WCA-EXPANDED-20260824
MET-1475,reused-or-discovery,DISCOVERY_REQUIRED,E-WCA-EXPANDED-20260824
MET-1476,reused-or-discovery,DISCOVERY_REQUIRED,E-WCA-EXPANDED-20260824
MET-1477,reused-or-discovery,DISCOVERY_REQUIRED,E-WCA-EXPANDED-20260824
MET-1478,reused-or-discovery,DISCOVERY_REQUIRED,E-WCA-EXPANDED-20260824
MET-1479,reused-or-discovery,DISCOVERY_REQUIRED,E-WCA-EXPANDED-20260824
MET-1480,reused-or-discovery,DISCOVERY_REQUIRED,E-WCA-EXPANDED-20260824
MET-1481,reused-or-discovery,DISCOVERY_REQUIRED,E-WCA-EXPANDED-20260824
MET-1482,reused-or-discovery,DISCOVERY_REQUIRED,E-WCA-EXPANDED-20260824
MET-1483,reused-or-discovery,DISCOVERY_REQUIRED,E-WCA-EXPANDED-20260824
MET-1484,reused-or-discovery,DISCOVERY_REQUIRED,E-WCA-EXPANDED-20260824
MET-1485,reused-or-discovery,DISCOVERY_REQUIRED,E-WCA-EXPANDED-20260824
MET-1486,reused-or-discovery,DISCOVERY_REQUIRED,E-WCA-EXPANDED-20260824
MET-1487,reused-or-discovery,DISCOVERY_REQUIRED,E-WCA-EXPANDED-20260824
MET-1488,reused-or-discovery,DISCOVERY_REQUIRED,E-WCA-EXPANDED-20260824
MET-1489,reused-or-discovery,DISCOVERY_REQUIRED,E-WCA-EXPANDED-20260824
MET-1490,reused-or-discovery,DISCOVERY_REQUIRED,E-WCA-EXPANDED-20260824
MET-1491,reused-or-discovery,DISCOVERY_REQUIRED,E-WCA-EXPANDED-20260824
MET-1492,reused-or-discovery,DISCOVERY_REQUIRED,E-WCA-EXPANDED-20260824
MET-1493,reused-or-discovery,DISCOVERY_REQUIRED,E-WCA-EXPANDED-20260824
MET-1494,reused-or-discovery,DISCOVERY_REQUIRED,E-WCA-EXPANDED-20260824
MET-1495,reused-or-discovery,DISCOVERY_REQUIRED,E-WCA-EXPANDED-20260824
MET-1496,reused-or-discovery,DISCOVERY_REQUIRED,E-WCA-EXPANDED-20260824
MET-1497,reused-or-discovery,DISCOVERY_REQUIRED,E-WCA-EXPANDED-20260824
MET-1498,reused-or-discovery,DISCOVERY_REQUIRED,E-WCA-EXPANDED-20260824
MET-1499,reused-or-discovery,DISCOVERY_REQUIRED,E-WCA-EXPANDED-20260824
MET-1500,reused-or-discovery,DISCOVERY_REQUIRED,E-WCA-EXPANDED-20260824
MET-1501,reused-or-discovery,DISCOVERY_REQUIRED,E-WCA-EXPANDED-20260824
MET-1502,reused-or-discovery,DISCOVERY_REQUIRED,E-WCA-EXPANDED-20260824
MET-1503,reused-or-discovery,DISCOVERY_REQUIRED,E-WCA-EXPANDED-20260824
MET-1504,reused-or-discovery,DISCOVERY_REQUIRED,E-WCA-EXPANDED-20260824
MET-1505,reused-or-discovery,DISCOVERY_REQUIRED,E-WCA-EXPANDED-20260824
MET-1506,reused-or-discovery,DISCOVERY_REQUIRED,E-WCA-EXPANDED-20260824
MET-1507,reused-or-discovery,DISCOVERY_REQUIRED,E-WCA-EXPANDED-20260824
MET-1508,reused-or-discovery,DISCOVERY_REQUIRED,E-WCA-EXPANDED-20260824
MET-1509,reused-or-discovery,DISCOVERY_REQUIRED,E-WCA-EXPANDED-20260824
MET-1510,reused-or-discovery,DISCOVERY_REQUIRED,E-WCA-EXPANDED-20260824
MET-1511,reused-or-discovery,DISCOVERY_REQUIRED,E-WCA-EXPANDED-20260824
MET-1512,reused-or-discovery,DISCOVERY_REQUIRED,E-WCA-EXPANDED-20260824
MET-1513,reused-or-discovery,DISCOVERY_REQUIRED,E-WCA-EXPANDED-20260824
MET-1514,reused-or-discovery,DISCOVERY_REQUIRED,E-WCA-EXPANDED-20260824
MET-1515,reused-or-discovery,DISCOVERY_REQUIRED,E-WCA-EXPANDED-20260824
MET-1516,reused-or-discovery,DISCOVERY_REQUIRED,E-WCA-EXPANDED-20260824
MET-1517,reused-or-discovery,DISCOVERY_REQUIRED,E-WCA-EXPANDED-20260824
MET-1518,reused-or-discovery,DISCOVERY_REQUIRED,E-WCA-EXPANDED-20260824
MET-1519,reused-or-discovery,DISCOVERY_REQUIRED,E-WCA-EXPANDED-20260824
MET-1520,reused-or-discovery,DISCOVERY_REQUIRED,E-WCA-EXPANDED-20260824
MET-1521,reused-or-discovery,DISCOVERY_REQUIRED,E-WCA-EXPANDED-20260824
MET-1522,reused-or-discovery,DISCOVERY_REQUIRED,E-WCA-EXPANDED-20260824
MET-1523,reused-or-discovery,DISCOVERY_REQUIRED,E-WCA-EXPANDED-20260824
MET-1524,reused-or-discovery,DISCOVERY_REQUIRED,E-WCA-EXPANDED-20260824
MET-1525,reused-or-discovery,DISCOVERY_REQUIRED,E-WCA-EXPANDED-20260824
MET-1526,reused-or-discovery,DISCOVERY_REQUIRED,E-WCA-EXPANDED-20260824
MET-1527,reused-or-discovery,DISCOVERY_REQUIRED,E-WCA-EXPANDED-20260824
MET-1528,reused-or-discovery,DISCOVERY_REQUIRED,E-WCA-EXPANDED-20260824
MET-1529,reused-or-discovery,DISCOVERY_REQUIRED,E-WCA-EXPANDED-20260824
MET-1530,reused-or-discovery,DISCOVERY_REQUIRED,E-WCA-EXPANDED-20260824
MET-1531,reused-or-discovery,DISCOVERY_REQUIRED,E-WCA-EXPANDED-20260824
MET-1532,reused-or-discovery,DISCOVERY_REQUIRED,E-WCA-EXPANDED-20260824
MET-1533,reused-or-discovery,DISCOVERY_REQUIRED,E-WCA-EXPANDED-20260824
MET-1534,reused-or-discovery,DISCOVERY_REQUIRED,E-WCA-EXPANDED-20260824
MET-1535,reused-or-discovery,DISCOVERY_REQUIRED,E-WCA-EXPANDED-20260824
MET-1536,reused-or-discovery,DISCOVERY_REQUIRED,E-WCA-EXPANDED-20260824
MET-1537,reused-or-discovery,DISCOVERY_REQUIRED,E-WCA-EXPANDED-20260824
MET-1538,reused-or-discovery,DISCOVERY_REQUIRED,E-WCA-EXPANDED-20260824
MET-1539,reused-or-discovery,DISCOVERY_REQUIRED,E-WCA-EXPANDED-20260824
MET-1540,reused-or-discovery,DISCOVERY_REQUIRED,E-WCA-EXPANDED-20260824
MET-1541,reused-or-discovery,DISCOVERY_REQUIRED,E-WCA-EXPANDED-20260824
MET-1542,reused-or-discovery,DISCOVERY_REQUIRED,E-WCA-EXPANDED-20260824
MET-1543,reused-or-discovery,DISCOVERY_REQUIRED,E-WCA-EXPANDED-20260824
MET-1544,reused-or-discovery,DISCOVERY_REQUIRED,E-WCA-EXPANDED-20260824
MET-1545,reused-or-discovery,DISCOVERY_REQUIRED,E-WCA-EXPANDED-20260824
MET-1546,reused-or-discovery,DISCOVERY_REQUIRED,E-WCA-EXPANDED-20260824
MET-1547,reused-or-discovery,DISCOVERY_REQUIRED,E-WCA-EXPANDED-20260824
MET-1548,reused-or-discovery,DISCOVERY_REQUIRED,E-WCA-EXPANDED-20260824
MET-1549,reused-or-discovery,DISCOVERY_REQUIRED,E-WCA-EXPANDED-20260824
MET-1550,reused-or-discovery,DISCOVERY_REQUIRED,E-WCA-EXPANDED-20260824
MET-1551,reused-or-discovery,DISCOVERY_REQUIRED,E-WCA-EXPANDED-20260824
MET-1552,reused-or-discovery,DISCOVERY_REQUIRED,E-WCA-EXPANDED-20260824
MET-1553,reused-or-discovery,DISCOVERY_REQUIRED,E-WCA-EXPANDED-20260824
MET-1554,reused-or-discovery,DISCOVERY_REQUIRED,E-WCA-EXPANDED-20260824
MET-1555,reused-or-discovery,DISCOVERY_REQUIRED,E-WCA-EXPANDED-20260824
MET-1556,reused-or-discovery,DISCOVERY_REQUIRED,E-WCA-EXPANDED-20260824
MET-1557,reused-or-discovery,DISCOVERY_REQUIRED,E-WCA-EXPANDED-20260824
MET-1558,reused-or-discovery,DISCOVERY_REQUIRED,E-WCA-EXPANDED-20260824
MET-1559,reused-or-discovery,DISCOVERY_REQUIRED,E-WCA-EXPANDED-20260824
MET-1560,reused-or-discovery,DISCOVERY_REQUIRED,E-WCA-EXPANDED-20260824
MET-1561,reused-or-discovery,DISCOVERY_REQUIRED,E-WCA-EXPANDED-20260824
MET-1562,reused-or-discovery,DISCOVERY_REQUIRED,E-WCA-EXPANDED-20260824
MET-1563,reused-or-discovery,DISCOVERY_REQUIRED,E-WCA-EXPANDED-20260824
MET-1564,reused-or-discovery,DISCOVERY_REQUIRED,E-WCA-EXPANDED-20260824
MET-1565,reused-or-discovery,DISCOVERY_REQUIRED,E-WCA-EXPANDED-20260824
MET-1566,reused-or-discovery,DISCOVERY_REQUIRED,E-WCA-EXPANDED-20260824
MET-1567,reused-or-discovery,DISCOVERY_REQUIRED,E-WCA-EXPANDED-20260824
MET-1568,reused-or-discovery,DISCOVERY_REQUIRED,E-WCA-EXPANDED-20260824
MET-1569,reused-or-discovery,DISCOVERY_REQUIRED,E-WCA-EXPANDED-20260824
MET-1570,reused-or-discovery,DISCOVERY_REQUIRED,E-WCA-EXPANDED-20260824
MET-1571,reused-or-discovery,DISCOVERY_REQUIRED,E-WCA-EXPANDED-20260824
MET-1572,reused-or-discovery,DISCOVERY_REQUIRED,E-WCA-EXPANDED-20260824
MET-1573,reused-or-discovery,DISCOVERY_REQUIRED,E-WCA-EXPANDED-20260824
MET-1574,reused-or-discovery,DISCOVERY_REQUIRED,E-WCA-EXPANDED-20260824
MET-1575,reused-or-discovery,DISCOVERY_REQUIRED,E-WCA-EXPANDED-20260824
MET-1576,reused-or-discovery,DISCOVERY_REQUIRED,E-WCA-EXPANDED-20260824
MET-1577,reused-or-discovery,DISCOVERY_REQUIRED,E-WCA-EXPANDED-20260824
MET-1578,reused-or-discovery,DISCOVERY_REQUIRED,E-WCA-EXPANDED-20260824
MET-1579,reused-or-discovery,DISCOVERY_REQUIRED,E-WCA-EXPANDED-20260824
MET-1580,reused-or-discovery,DISCOVERY_REQUIRED,E-WCA-EXPANDED-20260824
MET-1581,reused-or-discovery,DISCOVERY_REQUIRED,E-WCA-EXPANDED-20260824
MET-1582,reused-or-discovery,DISCOVERY_REQUIRED,E-WCA-EXPANDED-20260824
MET-1583,reused-or-discovery,DISCOVERY_REQUIRED,E-WCA-EXPANDED-20260824
MET-1584,reused-or-discovery,DISCOVERY_REQUIRED,E-WCA-EXPANDED-20260824
MET-1585,reused-or-discovery,DISCOVERY_REQUIRED,E-WCA-EXPANDED-20260824
MET-1586,reused-or-discovery,DISCOVERY_REQUIRED,E-WCA-EXPANDED-20260824
MET-1587,reused-or-discovery,DISCOVERY_REQUIRED,E-WCA-EXPANDED-20260824
MET-1588,reused-or-discovery,DISCOVERY_REQUIRED,E-WCA-EXPANDED-20260824
MET-1589,reused-or-discovery,DISCOVERY_REQUIRED,E-WCA-EXPANDED-20260824
MET-1590,reused-or-discovery,DISCOVERY_REQUIRED,E-WCA-EXPANDED-20260824
MET-1591,reused-or-discovery,DISCOVERY_REQUIRED,E-WCA-EXPANDED-20260824
MET-1592,reused-or-discovery,DISCOVERY_REQUIRED,E-WCA-EXPANDED-20260824
MET-1593,reused-or-discovery,DISCOVERY_REQUIRED,E-WCA-EXPANDED-20260824
MET-1594,reused-or-discovery,DISCOVERY_REQUIRED,E-WCA-EXPANDED-20260824
MET-1595,reused-or-discovery,DISCOVERY_REQUIRED,E-WCA-EXPANDED-20260824
MET-1596,reused-or-discovery,DISCOVERY_REQUIRED,E-WCA-EXPANDED-20260824
MET-1597,reused-or-discovery,DISCOVERY_REQUIRED,E-WCA-EXPANDED-20260824
MET-1598,reused-or-discovery,DISCOVERY_REQUIRED,E-WCA-EXPANDED-20260824
MET-1599,reused-or-discovery,DISCOVERY_REQUIRED,E-WCA-EXPANDED-20260824
MET-1600,reused-or-discovery,DISCOVERY_REQUIRED,E-WCA-EXPANDED-20260824
